scenario_id;data_type;split;monthly_loan_dkk;study_months;initial_debt_dkk;target_debt_dkk
0;synthetic;train;339;66;65457;106597.51
1;synthetic;train;1667;37;85860;162856.43
2;synthetic;train;326;59;20147;45805.16
3;synthetic;test;357;45;97563;130682.86
4;synthetic;train;2795;64;71748;288466.16
5;synthetic;train;2987;44;12811;156604.12
6;synthetic;test;3191;38;50035;186253.47
7;synthetic;train;1409;16;92677;120938.79
8;synthetic;test;2969;55;40241;227815.48
9;synthetic;test;3126;46;44341;207320.2
10;synthetic;train;1711;20;9213;45290.42
11;synthetic;test;2107;75;6381;187982.42
12;synthetic;test;3261;70;27676;292411.42
13;synthetic;train;2400;14;75809;113876.7
14;synthetic;train;2661;30;6792;91595.67
15;synthetic;train;3688;38;89313;250991.71
16;synthetic;train;2576;66;75990;285103.29
17;synthetic;train;739;31;46672;75916.44
18;synthetic;test;1891;4;54657;63016.65
19;synthetic;test;586;63;68305;125378.54
20;synthetic;test;3505;63;36664;291292.89
21;synthetic;train;3676;35;32582;173286.16
22;synthetic;train;3441;32;7634;124873.89
23;synthetic;train;1784;67;18947;157803.57
24;synthetic;test;1759;11;68648;90947.78
25;synthetic;train;1807;28;22691;78023.42
26;synthetic;train;2145;57;94031;248525.31
27;synthetic;test;1661;14;83268;111083.01
28;synthetic;train;2393;59;9722;168091.53
29;synthetic;test;1186;65;83226;189529.57
30;synthetic;train;1653;68;84170;231892.1
31;synthetic;train;1472;76;28833;164633.1
32;synthetic;test;910;58;63676;135547.12
33;synthetic;train;531;70;19991;67160.55
34;synthetic;test;3058;1;79685;83018.81
35;synthetic;train;2990;66;66485;303871.5
36;synthetic;train;1791;60;27712;152973.56
37;synthetic;test;2966;47;45892;204807.74
38;synthetic;train;1921;48;3726;104518.46
39;synthetic;train;531;21;11453;23851.13
40;synthetic;train;1670;57;65443;184103.36
41;synthetic;train;1790;72;56524;217700.45
42;synthetic;train;300;65;57460;93141.49
43;synthetic;train;2411;48;55358;190638.09
44;synthetic;train;344;47;79492;110480.16
45;synthetic;train;1155;51;3081;67956.58
46;synthetic;train;1320;37;98274;163211.41
47;synthetic;train;815;24;40853;64645.85
48;synthetic;train;3772;72;3469;311800.94
49;synthetic;train;888;70;5830;77472.18
50;synthetic;train;3251;24;91766;180755.33
51;synthetic;train;1115;37;66192;118840.51
52;synthetic;test;479;47;50502;83461.72
53;synthetic;train;2978;84;66432;376951.54
54;synthetic;train;1554;35;41796;104739.07
55;synthetic;train;3093;27;16697;105789.86
56;synthetic;train;1270;2;10614;13237.59
57;synthetic;train;342;65;72236;114538.45
58;synthetic;train;2647;39;71706;192058.13
59;synthetic;train;612;76;50104;117533.1
60;synthetic;train;3564;13;49733;99359.37
61;synthetic;train;2646;42;44616;170780.4
62;synthetic;train;631;33;23876;48693.44
63;synthetic;train;1145;58;63028;149820.39
64;synthetic;train;2307;31;95970;181860.61
65;synthetic;train;333;29;11800;23150.74
66;synthetic;test;1287;81;36626;167805.59
67;synthetic;train;3452;42;69971;236331.16
68;synthetic;train;1738;23;76423;124114.78
69;synthetic;test;3682;23;77875;172227.24
70;synthetic;train;992;61;78901;163862.1
71;synthetic;train;1707;62;27224;151201.32
72;synthetic;train;301;9;44702;48815.64
73;synthetic;train;3429;11;45578;85759.16
74;synthetic;train;2675;17;72162;123225.87
75;synthetic;test;1162;68;57922;161448.8
76;synthetic;train;2078;15;46321;80706.14
77;synthetic;train;3255;2;75852;82901.11
78;synthetic;train;1872;61;66330;208077.38
79;synthetic;train;1641;26;62731;113040.78
80;synthetic;train;532;50;9469;40172.36
81;synthetic;train;2469;53;8444;153417.22
82;synthetic;test;2878;35;78689;195417.72
83;synthetic;train;158;16;49399;54701.36
84;synthetic;train;715;28;66060;93528.53
85;synthetic;train;549;57;10340;47014.85
86;synthetic;train;665;50;79349;129950.26
87;synthetic;test;648;26;92512;118500.5
88;synthetic;train;3760;49;44704;253066.72
89;synthetic;test;1318;52;59092;145203.5
90;synthetic;test;1120;2;15149;17501.37
91;synthetic;test;3642;36;48230;193889.06
92;synthetic;test;1775;66;6495;139319.45
93;synthetic;train;314;24;48666;60570.41
94;synthetic;train;2550;42;44117;165871.94
95;synthetic;train;3563;14;57173;111046.88
96;synthetic;train;2060;40;80760;180540.97
97;synthetic;train;1014;81;33157;137841.01
98;synthetic;test;2071;44;84978;196674.38
99;synthetic;test;1667;24;2161;44059.08
100;synthetic;train;1381;70;991;110289.22
101;synthetic;train;3405;46;14025;185880.94
102;synthetic;train;1148;47;31569;95415.28
103;synthetic;train;412;56;67224;106398.93
104;synthetic;train;451;24;24387;37701.34
105;synthetic;train;2505;62;72700;262139.56
106;synthetic;train;3567;65;32068;299083.83
107;synthetic;train;409;52;91602;132165.13
108;synthetic;train;3705;20;23645;102021.37
109;synthetic;train;142;12;55485;59486.92
110;synthetic;train;2077;32;30995;104726.42
111;synthetic;test;3153;39;80825;223547.76
112;synthetic;test;3660;27;20274;125747.63
113;synthetic;train;3621;54;29092;249379.81
114;synthetic;train;2363;44;90554;216988.91
115;synthetic;test;972;84;93605;218152.4
116;synthetic;train;686;14;53316;65706.32
117;synthetic;train;170;26;43510;52066.79
118;synthetic;test;3683;84;15154;377574.76
119;synthetic;test;3388;8;74861;104394.48
120;synthetic;train;3213;75;22342;302844.33
121;synthetic;train;3395;10;51886;88220.38
122;synthetic;train;1784;27;2211;52901.02
123;synthetic;train;2933;29;66166;162314.87
124;synthetic;test;1558;32;88630;151283.92
125;synthetic;train;358;62;74679;116484.49
126;synthetic;train;1443;23;530;35121.75
127;synthetic;train;3559;80;24097;358209.49
128;synthetic;train;121;11;6764;8374.1
129;synthetic;train;3158;75;15328;289148.63
130;synthetic;test;2837;16;36721;85428.99
131;synthetic;test;2277;61;87457;261396.11
132;synthetic;test;170;17;28051;32661.92
133;synthetic;train;1179;84;77741;217266.95
134;synthetic;test;1217;82;49931;180525.05
135;synthetic;train;1902;37;14389;91289.04
136;synthetic;train;3550;2;17428;24679.92
137;synthetic;train;872;24;13182;36100.71
138;synthetic;train;68;57;96931;121451.85
139;synthetic;test;462;25;50633;67089.7
140;synthetic;test;3524;59;76619;323354.34
141;synthetic;train;2208;36;19977;107105.45
142;synthetic;train;3284;68;2510;254161.94
143;synthetic;train;2718;8;73899;97965.5
144;synthetic;test;3138;12;43384;83633.44
145;synthetic;train;470;48;92757;133324.82
146;synthetic;train;307;34;97313;120040.33
147;synthetic;train;1143;12;48858;64865.4
148;synthetic;train;1931;56;31374;156866.97
149;synthetic;train;3631;44;28644;205500.11
150;synthetic;train;3649;78;49916;390226.67
151;synthetic;train;94;51;55520;71023.05
152;synthetic;train;563;54;84080;133992.25
153;synthetic;train;402;61;14034;44426.15
154;synthetic;test;2845;36;651;109722.52
155;synthetic;train;3671;14;59604;115144.2
156;synthetic;train;689;79;73833;158393.83
157;synthetic;train;3056;37;46738;173390.31
158;synthetic;train;2410;66;84698;283677.47
159;synthetic;train;67;56;10914;17280.96
160;synthetic;train;1094;70;25051;118000.14
161;synthetic;train;3027;39;23264;152753.99
162;synthetic;train;1270;45;76515;150629.17
163;synthetic;train;2302;79;86774;321215.32
164;synthetic;train;2862;51;28985;193690.84
165;synthetic;test;1567;10;37418;54644.31
166;synthetic;train;3520;36;11372;147666.44
167;synthetic;test;2477;81;86749;344251.07
168;synthetic;train;1041;39;53102;103884.48
169;synthetic;train;941;23;23666;48078.76
170;synthetic;train;3779;63;84086;369012.74
171;synthetic;train;3102;81;10527;302649.17
172;synthetic;train;3350;6;47542;68836.59
173;synthetic;train;2258;31;14617;90064.15
174;synthetic;train;730;70;31872;97870.32
175;synthetic;train;1179;78;14387;123826.21
176;synthetic;train;3478;78;59856;387858.1
177;synthetic;train;629;14;28472;38859.21
178;synthetic;train;2194;13;45566;76776.96
179;synthetic;train;438;46;2114;24271.85
180;synthetic;train;2694;5;19482;33414.17
181;synthetic;train;663;70;5338;59086.07
182;synthetic;train;1631;50;51600;149816.04
183;synthetic;train;2586;68;39363;247021.28
184;synthetic;train;3147;27;98443;196748.88
185;synthetic;train;1917;62;87501;239775.36
186;synthetic;train;3012;72;53651;313634.45
187;synthetic;train;165;42;18150;28322.64
188;synthetic;train;3378;20;22807;94351.85
189;synthetic;train;947;54;57123;124482.24
190;synthetic;train;3605;35;28228;165754.45
191;synthetic;test;187;1;37361;37673.16
192;synthetic;train;3518;44;89355;270421.03
193;synthetic;train;386;8;83346;88729.35
194;synthetic;train;405;5;40409;43132.34
195;synthetic;train;3514;58;9911;237205.3
196;synthetic;train;3181;71;80070;356598.23
197;synthetic;train;3430;21;97958;179779.25
198;synthetic;train;1218;68;57937;165748.05
199;synthetic;train;2962;53;64248;248607.27
200;synthetic;train;2341;66;73905;265132.17
201;synthetic;test;511;70;53607;108015.3
202;synthetic;train;1227;44;96699;170184.54
203;synthetic;train;3258;71;46280;319979.66
204;synthetic;train;2979;33;68617;180662.69
205;synthetic;train;2430;21;26646;81518.06
206;synthetic;train;232;12;43362;47973.68
207;synthetic;train;1815;14;41689;69731.73
208;synthetic;test;2295;20;33824;83692.71
209;synthetic;train;1396;43;36639;106918.17
210;synthetic;train;2800;28;43390;129932.85
211;synthetic;train;1441;16;68575;96045.46
212;synthetic;train;894;25;79275;109497.2
213;synthetic;train;3605;57;91635;337417.8
214;synthetic;train;3245;41;77029;231075.37
215;synthetic;train;1247;39;53544;112980.67
216;synthetic;train;3649;72;48925;359540.12
217;synthetic;train;2479;17;80439;128550.85
218;synthetic;test;2101;45;76629;191168.84
219;synthetic;test;2405;7;28815;46555.08
220;synthetic;test;671;62;3514;50600.89
221;synthetic;train;769;51;69480;125146.47
222;synthetic;train;1912;73;91894;275415.74
223;synthetic;train;501;81;61438;127099.71
224;synthetic;train;2417;8;62187;83493.1
225;synthetic;train;2757;49;8449;156920.8
226;synthetic;train;1988;79;72342;274024.27
227;synthetic;test;522;81;95888;174163.34
228;synthetic;train;643;68;40672;100148.33
229;synthetic;test;2255;38;78263;180308.64
230;synthetic;test;3787;67;93138;401114.36
231;synthetic;train;3594;8;25338;55208.27
232;synthetic;test;2743;50;5014;155390.37
233;synthetic;train;361;44;61617;88467.37
234;synthetic;test;637;15;12934;23409.81
235;synthetic;train;2146;1;57243;59586.96
236;synthetic;train;1808;40;67928;155082.36
237;synthetic;train;1986;62;76393;230881.2
238;synthetic;train;3496;68;51771;332136.57
239;synthetic;train;1870;20;59959;102822.49
240;synthetic;train;528;79;84505;157703.08
241;synthetic;train;454;67;11710;48767.33
242;synthetic;test;2740;8;48819;72387.5
243;synthetic;train;2499;62;41861;223819.99
244;synthetic;test;3502;66;20826;284850.82
245;synthetic;train;2550;62;33364;216893.52
246;synthetic;train;2805;76;81712;348191.88
247;synthetic;test;2897;54;27053;204039.17
248;synthetic;train;3021;31;53220;157819.76
249;synthetic;train;1194;27;15761;51029.52
250;synthetic;train;3652;13;8625;57604.99
251;synthetic;test;3557;47;43790;232466.98
252;synthetic;train;2802;33;12792;112173.76
253;synthetic;train;2772;15;55299;100835.64
254;synthetic;train;3606;79;36078;373297.76
255;synthetic;test;2965;52;47937;225597.47
256;synthetic;train;531;32;65192;90476.95
257;synthetic;train;3749;1;71776;75776.75
258;synthetic;train;3216;80;42380;350577.32
259;synthetic;test;450;23;85054;102593.88
260;synthetic;train;3336;54;12274;212363.52
261;synthetic;train;463;41;58826;87798.34
262;synthetic;train;123;58;54451;73925.58
263;synthetic;train;46;9;45432;47234.23
264;synthetic;train;2745;70;43130;271177.86
265;synthetic;train;1122;82;45855;166198.83
266;synthetic;test;1198;38;1209;49980.42
267;synthetic;train;1147;44;91845;160768.06
268;synthetic;train;2805;66;54490;275252.86
269;synthetic;train;420;33;99704;125951.12
270;synthetic;train;167;74;68450;101599.05
271;synthetic;train;1078;66;83690;183944.65
272;synthetic;test;164;9;66575;70099.9
273;synthetic;test;3796;3;66569;78701.01
274;synthetic;train;518;55;62332;106167.26
275;synthetic;train;343;58;89704;130781.89
276;synthetic;test;3281;3;24591;34746.5
277;synthetic;train;915;39;14302;54451.61
278;synthetic;train;3246;66;80835;340672.74
279;synthetic;test;753;2;91064;93185.65
280;synthetic;train;1097;56;90944;177215.31
281;synthetic;train;137;1;542;681.26
282;synthetic;train;594;5;81998;86373.61
283;synthetic;train;2302;83;80148;326070.75
284;synthetic;train;3660;21;28780;110605.03
285;synthetic;train;3227;21;5723;76445.15
286;synthetic;train;2542;68;96820;315705.71
287;synthetic;train;3525;11;77211;119648.91
288;synthetic;train;3215;59;81980;309700.94
289;synthetic;train;3184;38;4015;133745.93
290;synthetic;train;1733;17;11373;42395.69
291;synthetic;train;474;59;50453;92349.98
292;synthetic;test;2051;63;54827;211610.7
293;synthetic;test;2394;8;85113;106850.86
294;synthetic;train;1705;14;81333;109687.33
295;synthetic;test;2791;5;19304;33723.06
296;synthetic;test;59;23;9998;12205.89
297;synthetic;test;2697;44;98021;241486.14
298;synthetic;train;2847;52;50931;222447.07
299;synthetic;train;207;6;61631;64130.51
300;synthetic;test;16;4;21913;22271.17
301;synthetic;test;3359;39;70958;220906.33
302;synthetic;train;1563;15;37116;63095.77
303;synthetic;train;348;65;18353;48079.77
304;synthetic;train;1430;83;59196;214955.89
305;synthetic;train;1742;46;78408;178112.66
306;synthetic;train;967;54;87270;161749.06
307;synthetic;test;2175;38;14513;104719.22
308;synthetic;test;943;80;54126;157215.42
309;synthetic;train;1145;36;57802;109022.19
310;synthetic;train;2042;59;25749;164675.53
311;synthetic;test;2467;38;94060;206836.95
312;synthetic;test;600;13;46166;56191.48
313;synthetic;train;1931;59;40403;175260.34
314;synthetic;train;3472;40;12933;163569.09
315;synthetic;test;453;82;13409;60395.48
316;synthetic;train;3601;24;9341;100236.34
317;synthetic;train;1157;52;42790;116666.51
318;synthetic;train;2985;52;40078;217391.06
319;synthetic;train;2411;82;41181;281786.54
320;synthetic;test;583;35;84012;116066.59
321;synthetic;test;826;80;58831;152613.5
322;synthetic;train;2285;27;92046;165358.33
323;synthetic;test;137;26;41840;49348.17
324;synthetic;train;1813;40;14792;94595.3
325;synthetic;test;857;9;57246;66829.17
326;synthetic;test;1333;48;58972;138678.89
327;synthetic;train;2667;46;64795;208303.84
328;synthetic;train;2231;55;61665;208926.41
329;synthetic;train;1201;21;78744;110610.41
330;synthetic;train;1302;47;19697;89381.1
331;synthetic;test;1639;45;62601;152410.05
332;synthetic;train;2000;31;96178;172049.31
333;synthetic;train;1948;68;73671;241275.54
334;synthetic;train;2121;75;12826;197449.12
335;synthetic;test;3500;72;50363;349224.91
336;synthetic;train;2786;44;26876;163346.82
337;synthetic;test;3039;21;31445;99932.95
338;synthetic;train;1973;71;38392;206903.37
339;synthetic;train;1877;4;11585;19311.02
340;synthetic;train;212;7;86852;90402.84
341;synthetic;train;3199;70;5556;259593.77
342;synthetic;train;295;24;56530;68612.74
343;synthetic;test;1269;41;17299;75666.16
344;synthetic;train;2776;27;6654;85832.49
345;synthetic;train;2822;76;1468;246328.62
346;synthetic;train;1659;70;70617;220128.81
347;synthetic;train;3254;35;37226;162813.22
348;synthetic;test;2694;13;23942;60850.68
349;synthetic;train;2283;57;11967;157996.77
350;synthetic;train;1931;31;50174;118789.07
351;synthetic;train;3642;7;99547;127729.32
352;synthetic;train;1708;65;42447;176845.39
353;synthetic;train;1181;65;68767;171215.53
354;synthetic;train;547;60;75308;128337.28
355;synthetic;train;1473;78;64089;214485.26
356;synthetic;train;1267;1;67496;68992.21
357;synthetic;train;794;64;52509;121699.62
358;synthetic;train;1773;14;71151;99995.9
359;synthetic;train;630;36;83631;118409.44
360;synthetic;train;3497;84;95802;466176.62
361;synthetic;train;2112;17;83907;125791.19
362;synthetic;train;3046;84;65095;381784.61
363;synthetic;train;538;43;44825;76633.3
364;synthetic;train;3203;33;32859;148580.27
365;synthetic;train;304;71;75533;120051.74
366;synthetic;test;156;37;47972;60410.36
367;synthetic;train;1783;78;15067;178588.85
368;synthetic;test;1164;16;24408;44903.38
369;synthetic;test;3446;80;4464;322213.02
370;synthetic;train;2401;20;19256;70317.93
371;synthetic;train;1109;17;49020;71301.9
372;synthetic;train;3783;50;72325;291557.46
373;synthetic;train;1874;2;8411;12233.92
374;synthetic;train;1021;21;84058;112387.33
375;synthetic;train;3205;72;63759;342207.29
376;synthetic;test;2113;55;40681;176594.02
377;synthetic;train;2546;67;76291;286758.97
378;synthetic;train;2332;5;72495;85488.44
379;synthetic;train;1393;63;53953;164336.38
380;synthetic;train;3348;29;93140;204677.65
381;synthetic;train;3209;28;48257;147297.63
382;synthetic;train;2019;65;68916;232311.64
383;synthetic;test;3237;32;50479;165633.5
384;synthetic;test;1637;77;30498;183315.36
385;synthetic;train;2231;11;85028;113235.5
386;synthetic;train;1460;29;58292;108722.28
387;synthetic;train;1895;72;53141;221958.27
388;synthetic;test;1964;9;2193;20232.9
389;synthetic;train;1514;84;91734;268293.52
390;synthetic;test;2390;53;39150;185459.28
391;synthetic;train;674;1;33885;34674.2
392;synthetic;train;1202;17;25916;48482.45
393;synthetic;train;94;52;92746;115612.83
394;synthetic;test;2625;38;42027;154200.71
395;synthetic;train;1168;12;59848;76609.73
396;synthetic;train;2152;1;41552;43849.68
397;synthetic;train;1056;15;70304;90171.47
398;synthetic;train;1998;54;71348;203784.15
399;synthetic;test;3730;68;62036;362894.17
400;synthetic;train;3340;41;98477;259838.93
401;synthetic;train;2893;55;90333;283373.8
402;synthetic;train;1957;61;28473;167458.39
403;synthetic;train;3660;53;78201;305775.84
404;synthetic;train;1750;73;7417;154301.05
405;synthetic;train;433;43;73242;104559.84
406;synthetic;train;3075;37;64967;194757.15
407;synthetic;train;2101;81;65410;281296.25
408;synthetic;train;1584;82;10725;163676.55
409;synthetic;train;3741;13;28823;79880.31
410;synthetic;train;3121;62;97036;334540.27
411;synthetic;train;2849;54;34649;210286.28
412;synthetic;train;17;11;29778;31079.01
413;synthetic;train;155;43;77735;96871.09
414;synthetic;test;3660;42;87501;265882.32
415;synthetic;test;3745;73;46497;369249.84
416;synthetic;train;1235;83;24191;150143.0
417;synthetic;train;1563;7;79369;92327.41
418;synthetic;train;2469;8;22193;42842.35
419;synthetic;test;2110;46;80206;198530.9
420;synthetic;train;1011;78;44447;147808.2
421;synthetic;train;3125;21;3697;72050.16
422;synthetic;train;209;32;95316;113095.08
423;synthetic;train;185;31;10928;18166.88
424;synthetic;train;3539;57;76269;314693.01
425;synthetic;test;2710;56;77372;260321.07
426;synthetic;train;30;73;73987;96814.85
427;synthetic;train;2809;34;80087;190967.93
428;synthetic;train;1450;5;90782;99627.98
429;synthetic;train;891;9;62190;72234.61
430;synthetic;train;887;73;44375;129992.58
431;synthetic;train;17;80;51463;68721.34
432;synthetic;train;999;57;53061;126949.97
433;synthetic;test;112;64;40135;57663.21
434;synthetic;train;2659;76;61061;308951.83
435;synthetic;test;2552;22;23766;83918.48
436;synthetic;train;1577;72;52419;195125.98
437;synthetic;train;1322;66;85335;204033.02
438;synthetic;test;3429;26;70964;170657.09
439;synthetic;train;2243;38;39694;136053.71
440;synthetic;train;435;24;54967;70423.44
441;synthetic;train;3368;73;18759;302680.88
442;synthetic;train;2581;8;67501;90282.31
443;synthetic;train;1299;38;71764;134144.21
444;synthetic;train;1614;68;53358;190274.77
445;synthetic;train;3795;54;29636;260341.18
446;synthetic;train;2946;35;53417;169552.33
447;synthetic;train;519;11;57487;65454.8
448;synthetic;train;709;84;85568;181992.27
449;synthetic;train;2663;62;59521;256838.5
450;synthetic;train;229;33;49580;63335.8
451;synthetic;train;3478;19;49692;121264.78
452;synthetic;train;1307;12;10301;26748.7
453;synthetic;train;1388;7;6716;16720.68
454;synthetic;test;1333;17;55481;82063.23
455;synthetic;train;67;26;45328;51247.17
456;synthetic;train;3659;54;88072;322222.29
457;synthetic;test;1304;38;42038;100614.07
458;synthetic;train;3372;81;96234;440014.91
459;synthetic;test;2857;43;54086;194701.82
460;synthetic;train;3725;24;34671;130775.61
461;synthetic;train;3408;33;23509;145307.3
462;synthetic;test;2129;28;89088;160369.68
463;synthetic;train;3454;26;52954;151699.5
464;synthetic;train;3739;63;21562;289096.89
465;synthetic;train;2244;53;65344;208229.19
466;synthetic;train;95;26;85462;95769.99
467;synthetic;train;917;26;32249;60108.82
468;synthetic;train;674;14;34701;46031.27
469;synthetic;test;3322;1;28324;31751.49
470;synthetic;train;230;48;25060;41390.92
471;synthetic;train;3009;50;78383;256536.14
472;synthetic;train;2412;37;86097;192507.2
473;synthetic;train;1809;80;99471;295901.8
474;synthetic;train;2238;57;25566;171607.03
475;synthetic;test;3095;57;90256;303687.57
476;synthetic;train;1014;67;47028;135008.55
477;synthetic;train;703;15;56217;69925.01
478;synthetic;train;1213;9;42715;55114.25
479;synthetic;train;2481;27;95535;174721.56
480;synthetic;train;2962;44;93466;248790.63
481;synthetic;train;1645;12;3584;23902.98
482;synthetic;test;3564;81;73925;428683.58
483;synthetic;train;391;25;4107;14673.39
484;synthetic;test;194;21;57214;65582.09
485;synthetic;train;249;83;45512;83833.06
486;synthetic;train;1002;44;79016;139033.97
487;synthetic;train;1187;4;5096;9951.98
488;synthetic;train;3237;10;63556;98676.03
489;synthetic;train;1461;66;6052;115553.02
490;synthetic;train;3411;59;44928;277409.47
491;synthetic;train;786;83;30207;115079.21
492;synthetic;train;1863;34;23055;92993.02
493;synthetic;train;1583;13;166;21238.99
494;synthetic;train;1101;10;41478;54095.4
495;synthetic;test;3278;14;123;47184.9
496;synthetic;train;422;43;27484;51253.15
497;synthetic;test;1860;3;33309;39260.48
498;synthetic;train;1558;37;55116;123785.11
499;synthetic;train;2966;40;84121;223207.69
500;synthetic;train;2012;22;22902;70642.65
501;synthetic;train;1225;51;24248;96936.17
502;synthetic;train;3473;41;86328;251766.2
503;synthetic;train;2596;29;22825;104305.52
504;synthetic;train;2826;28;24687;110167.63
505;synthetic;train;3535;41;4856;161112.29
506;synthetic;train;1880;39;86397;176791.01
507;synthetic;train;2703;17;15045;63275.02
508;synthetic;train;2293;4;31901;41577.16
509;synthetic;train;525;2;91883;93551.83
510;synthetic;train;341;1;93290;93943.1
511;synthetic;train;715;69;3128;59486.43
512;synthetic;train;583;10;70626;78953.79
513;synthetic;train;2356;40;24164;128572.26
514;synthetic;train;337;48;23071;44635.63
515;synthetic;train;2242;58;84944;246700.29
516;synthetic;train;1877;1;28066;30042.81
517;synthetic;test;3242;45;61912;229555.41
518;synthetic;train;1739;14;89671;118911.07
519;synthetic;test;2937;84;85550;398255.28
520;synthetic;test;1106;22;24847;52021.18
521;synthetic;train;3491;47;45446;231039.99
522;synthetic;train;3679;51;90944;312597.6
523;synthetic;test;3741;7;36153;63543.55
524;synthetic;train;2789;69;14848;235368.32
525;synthetic;train;1209;47;79922;155063.02
526;synthetic;train;429;51;29644;59012.22
527;synthetic;train;822;44;41403;86946.53
528;synthetic;train;2415;27;82328;158405.36
529;synthetic;train;296;73;2983;28302.6
530;synthetic;train;2796;30;38333;130714.22
531;synthetic;train;72;59;16548;24839.45
532;synthetic;train;2504;61;84524;273181.1
533;synthetic;train;2690;26;73858;153709.5
534;synthetic;train;3138;27;12417;102380.84
535;synthetic;test;3382;13;59383;107014.05
536;synthetic;train;897;11;77642;90603.35
537;synthetic;train;546;57;69310;118113.15
538;synthetic;train;228;15;79437;87015.52
539;synthetic;train;1927;11;99178;124501.43
540;synthetic;train;1006;1;92417;93734.41
541;synthetic;train;63;47;99309;119332.57
542;synthetic;train;2195;50;38817;165451.79
543;synthetic;train;482;49;89731;131318.58
544;synthetic;train;346;74;41505;82174.77
545;synthetic;train;2037;14;62179;94385.75
546;synthetic;train;692;23;72161;94469.5
547;synthetic;train;191;38;59457;75221.57
548;synthetic;test;501;25;34350;50412.46
549;synthetic;train;2521;83;83625;351624.0
550;synthetic;train;721;2;5191;6674.89
551;synthetic;train;2263;14;23128;56716.63
552;synthetic;train;3220;74;83903;377964.07
553;synthetic;train;963;53;61077;128767.26
554;synthetic;train;703;47;52526;97243.28
555;synthetic;train;1505;64;67762;191370.25
556;synthetic;test;2024;61;76311;230602.04
557;synthetic;train;2154;23;75842;133447.8
558;synthetic;train;2726;83;14978;280768.65
559;synthetic;train;1593;78;51458;208815.67
560;synthetic;train;3581;2;3517;10738.34
561;synthetic;train;3024;31;52023;156590.81
562;synthetic;train;1626;35;93948;166010.33
563;synthetic;train;357;65;88966;136398.73
564;synthetic;train;2498;34;16001;107990.82
565;synthetic;train;2593;40;14937;128188.35
566;synthetic;train;1366;81;26538;161953.26
567;synthetic;train;678;58;19954;67649.75
568;synthetic;train;3495;73;98354;414674.28
569;synthetic;train;3467;21;21214;98286.4
570;synthetic;train;1302;40;88000;156327.23
571;synthetic;train;2787;55;87837;273968.15
572;synthetic;train;2454;32;41300;128940.35
573;synthetic;test;1964;8;74172;92122.69
574;synthetic;test;2480;62;53394;236685.2
575;synthetic;train;2975;80;56993;347520.84
576;synthetic;train;1688;9;77868;95682.9
577;synthetic;train;3435;59;86558;329637.88
578;synthetic;test;3272;68;50288;313155.37
579;synthetic;train;379;1;20439;20887.39
580;synthetic;train;1637;63;45581;171142.2
581;synthetic;train;87;18;97923;105584.36
582;synthetic;train;3754;32;80499;216512.78
583;synthetic;train;2733;79;88757;362803.45
584;synthetic;train;2389;34;62666;156315.71
585;synthetic;test;1212;30;60874;105565.56
586;synthetic;train;2171;49;38467;161015.68
587;synthetic;train;1554;1;60178;61937.77
588;synthetic;train;2187;79;50428;263532.01
589;synthetic;train;1777;6;19674;30857.86
590;synthetic;test;1284;32;36268;83770.95
591;synthetic;test;1497;65;13111;125088.51
592;synthetic;train;1262;14;30779;50363.04
593;synthetic;train;2601;4;33948;44893.9
594;synthetic;train;90;81;72726;103606.78
595;synthetic;train;925;17;9892;26673.0
596;synthetic;train;1796;64;58421;200602.52
597;synthetic;train;3347;29;27811;132699.26
598;synthetic;train;1816;17;97565;135058.43
599;synthetic;train;705;41;52201;90853.29
600;synthetic;train;216;40;45470;61200.71
601;synthetic;test;985;11;4517;15739.52
602;synthetic;train;32;41;8984;11705.39
603;synthetic;train;3645;21;65252;149390.17
604;synthetic;train;2559;42;88362;217160.32
605;synthetic;train;420;20;25243;35680.54
606;synthetic;train;514;25;31269;47403.66
607;synthetic;test;2906;26;87671;174646.73
608;synthetic;train;2936;76;10522;267862.65
609;synthetic;train;3741;52;98237;329527.25
610;synthetic;train;1348;81;58861;202600.08
611;synthetic;train;272;35;13779;25594.48
612;synthetic;train;3576;26;22236;121524.1
613;synthetic;test;2101;36;9697;91418.05
614;synthetic;train;3102;72;74296;347203.29
615;synthetic;train;2343;34;54236;145217.11
616;synthetic;train;1979;14;8181;36979.92
617;synthetic;train;962;39;16031;58380.74
618;synthetic;train;405;72;37500;80657.65
619;synthetic;train;2220;45;73513;193335.87
620;synthetic;train;2811;25;84791;165549.96
621;synthetic;train;1410;71;40485;164388.92
622;synthetic;train;421;64;3016;33810.17
623;synthetic;train;2934;4;20681;32792.25
624;synthetic;train;2292;80;40848;263742.9
625;synthetic;train;458;20;89613;105267.7
626;synthetic;train;2761;9;38490;64927.07
627;synthetic;train;1005;15;84648;104463.93
628;synthetic;train;2347;16;65070;107262.43
629;synthetic;train;1571;6;44986;55429.83
630;synthetic;train;703;21;87900;109579.03
631;synthetic;test;2698;12;85134;121688.6
632;synthetic;train;2182;74;74708;278960.23
633;synthetic;train;1289;45;53085;124338.09
634;synthetic;train;2735;21;33309;95308.52
635;synthetic;train;930;25;16125;41808.79
636;synthetic;train;138;79;7431;22155.46
637;synthetic;train;3374;1;77736;81380.37
638;synthetic;test;1247;44;28222;91858.98
639;synthetic;train;1864;38;52975;135747.21
640;synthetic;train;1494;46;82546;170587.15
641;synthetic;test;1651;31;13175;68610.65
642;synthetic;train;1366;11;18250;34260.33
643;synthetic;test;3618;8;48203;78885.07
644;synthetic;test;3170;81;14671;314407.55
645;synthetic;train;621;32;55442;82675.38
646;synthetic;train;3647;18;16439;85218.38
647;synthetic;train;962;74;3005;84697.79
648;synthetic;train;1444;10;15707;30945.88
649;synthetic;train;3484;1;32153;35755.79
650;synthetic;train;3478;52;7175;206306.38
651;synthetic;train;1767;82;40045;219477.18
652;synthetic;train;2008;45;66045;174352.94
653;synthetic;train;711;71;98861;182247.68
654;synthetic;train;541;69;81691;144809.31
655;synthetic;train;2818;32;46876;147454.17
656;synthetic;test;3189;13;82875;128976.31
657;synthetic;test;3498;58;34139;265566.04
658;synthetic;train;2124;5;93181;105471.07
659;synthetic;train;1301;5;79446;87349.3
660;synthetic;train;2498;53;5409;151480.46
661;synthetic;train;2853;54;79364;264040.84
662;synthetic;train;3143;18;21064;80764.1
663;synthetic;test;3510;45;43799;221547.81
664;synthetic;train;1091;54;75396;154885.11
665;synthetic;train;8;47;99337;116562.52
666;synthetic;train;1066;24;87813;121791.78
667;synthetic;train;235;34;45826;59789.31
668;synthetic;train;3031;11;43406;79039.62
669;synthetic;train;578;67;63228;122475.67
670;synthetic;train;1887;34;15317;85193.44
671;synthetic;train;3503;55;31915;250100.43
672;synthetic;train;1572;61;71957;194647.32
673;synthetic;train;1752;26;65995;119619.32
674;synthetic;train;2501;51;7285;147877.97
675;synthetic;train;1796;52;95007;215084.9
676;synthetic;train;1997;29;55579;122110.85
677;synthetic;train;673;8;67810;75104.9
678;synthetic;train;3747;72;58366;379523.53
679;synthetic;test;152;83;44963;73821.24
680;synthetic;train;1100;75;74641;189665.23
681;synthetic;test;2848;24;99181;178701.31
682;synthetic;train;1720;45;75096;170862.14
683;synthetic;train;2507;15;30248;70419.75
684;synthetic;train;1372;80;71451;219212.8
685;synthetic;train;1392;62;73851;186786.04
686;synthetic;train;1498;34;89430;154158.11
687;synthetic;train;2134;13;71978;103558.23
688;synthetic;test;2240;43;72511;187390.71
689;synthetic;train;3446;28;41930;147319.32
690;synthetic;train;720;55;40271;91887.3
691;synthetic;test;1300;59;40816;134559.31
692;synthetic;train;1764;37;25854;98813.55
693;synthetic;train;478;70;9172;49318.94
694;synthetic;train;1234;57;13129;93451.78
695;synthetic;train;2490;62;66291;253227.33
696;synthetic;train;1159;2;88736;91658.16
697;synthetic;train;1240;68;19781;119584.34
698;synthetic;train;617;66;93974;162671.98
699;synthetic;train;3270;64;24668;264147.66
700;synthetic;train;3470;57;17216;238967.76
701;synthetic;test;491;74;27515;76465.28
702;synthetic;train;2910;12;28054;64882.88
703;synthetic;train;1077;24;67474;100037.02
704;synthetic;train;3474;77;74155;401215.14
705;synthetic;test;769;81;54208;142589.75
706;synthetic;train;2074;59;76910;229024.92
707;synthetic;train;3621;49;61006;264845.91
708;synthetic;test;2833;22;30771;97880.16
709;synthetic;train;2376;6;32049;47118.59
710;synthetic;train;2728;82;51950;325870.41
711;synthetic;train;1518;37;68543;137393.87
712;synthetic;train;2069;2;53924;58442.8
713;synthetic;train;1520;59;87511;205750.12
714;synthetic;train;3657;52;36256;251060.2
715;synthetic;train;1686;15;93594;124359.5
716;synthetic;train;3219;72;32812;304022.55
717;synthetic;test;1224;72;54455;168946.07
718;synthetic;test;2677;42;44277;171790.18
719;synthetic;train;2402;69;33411;228655.3
720;synthetic;train;3074;21;40283;110173.24
721;synthetic;train;3468;81;92388;443918.8
722;synthetic;train;1200;71;93609;214824.75
723;synthetic;train;3717;2;74499;82467.7
724;synthetic;train;3787;65;23317;304210.62
725;synthetic;train;2897;9;48061;76033.64
726;synthetic;test;2379;39;69984;178918.31
727;synthetic;train;912;51;64482;127185.67
728;synthetic;test;2408;25;30538;96066.86
729;synthetic;train;979;39;58596;107553.62
730;synthetic;test;1377;35;28641;83377.92
731;synthetic;test;831;56;81606;149562.78
732;synthetic;train;1104;73;57098;164174.87
733;synthetic;test;637;31;750;21667.63
734;synthetic;train;148;29;45446;54563.82
735;synthetic;train;3030;12;83918;124494.47
736;synthetic;train;891;12;69989;83766.97
737;synthetic;train;2942;51;11570;177508.62
738;synthetic;train;438;33;45060;65593.24
739;synthetic;train;3794;25;19259;120001.69
740;synthetic;train;3594;13;2640;50583.57
741;synthetic;train;1606;34;61967;127299.47
742;synthetic;train;3335;79;28964;339517.04
743;synthetic;train;3727;54;6964;229176.69
744;synthetic;test;3566;12;58860;104988.63
745;synthetic;train;3004;21;27063;94471.21
746;synthetic;train;1809;75;22360;183062.64
747;synthetic;train;2521;39;11184;117892.99
748;synthetic;train;2701;70;57563;285922.74
749;synthetic;train;670;14;42349;53986.62
750;synthetic;test;1924;47;24365;126536.29
751;synthetic;train;1902;25;68616;124235.19
752;synthetic;train;3026;55;124;183086.99
753;synthetic;test;3769;2;99943;108186.13
754;synthetic;train;120;44;10597;17963.58
755;synthetic;test;361;58;72785;111414.37
756;synthetic;train;449;83;32046;85234.11
757;synthetic;train;1209;25;46121;81692.52
758;synthetic;train;675;36;20998;49528.91
759;synthetic;train;195;31;67227;80910.98
760;synthetic;train;2899;30;32374;127384.54
761;synthetic;train;2992;58;83212;292661.08
762;synthetic;train;3443;69;93649;385321.09
763;synthetic;test;1583;34;32154;93085.76
764;synthetic;train;893;63;71445;150804.62
765;synthetic;train;3045;15;49126;98552.61
766;synthetic;train;843;76;26741;107455.85
767;synthetic;train;546;48;87907;131596.88
768;synthetic;train;3479;9;32589;65417.32
769;synthetic;train;583;26;53384;74068.03
770;synthetic;train;1066;6;51003;58502.63
771;synthetic;train;200;20;51;4197.53
772;synthetic;train;329;37;85072;109194.65
773;synthetic;train;2943;9;3483;30521.29
774;synthetic;train;1284;55;74673;167295.76
775;synthetic;train;3127;29;16800;113863.54
776;synthetic;test;100;13;6516;8134.81
777;synthetic;train;3271;23;82313;167177.73
778;synthetic;test;2102;46;45479;157661.15
779;synthetic;train;3112;4;9275;21951.37
780;synthetic;train;1608;34;54560;119077.28
781;synthetic;train;2803;50;25745;183143.78
782;synthetic;train;1243;64;20146;113733.69
783;synthetic;train;1915;46;75027;182786.08
784;synthetic;train;2714;40;30916;151627.9
785;synthetic;train;1398;35;21919;76606.42
786;synthetic;train;2376;18;64868;113020.57
787;synthetic;train;2855;81;11891;281433.95
788;synthetic;train;2886;8;33725;58071.92
789;synthetic;test;669;14;17534;27973.78
790;synthetic;test;166;70;6112;20821.96
791;synthetic;test;1514;59;99039;219387.19
792;synthetic;test;3244;12;98774;142580.05
793;synthetic;test;2483;16;44873;88199.59
794;synthetic;train;3487;34;18363;146297.18
795;synthetic;train;3325;81;97560;437374.38
796;synthetic;train;3631;74;45449;363316.12
797;synthetic;train;730;52;22080;67762.69
798;synthetic;train;1797;56;94658;224852.34
799;synthetic;train;1098;22;73473;104157.79
800;synthetic;test;24;48;74592;88762.43
801;synthetic;test;2093;33;82855;165598.03
802;synthetic;test;1409;60;46414;150398.01
803;synthetic;train;100;45;4945;10606.35
804;synthetic;train;3537;51;37203;241010.12
805;synthetic;train;1847;53;26018;138269.02
806;synthetic;train;1095;36;25857;71096.05
807;synthetic;train;2880;9;82661;111530.01
808;synthetic;train;1324;48;15775;87531.04
809;synthetic;train;1464;64;27069;138089.24
810;synthetic;train;502;44;16249;42637.81
811;synthetic;train;1196;38;56410;112541.36
812;synthetic;train;2429;57;84429;254772.63
813;synthetic;train;251;31;106;8327.68
814;synthetic;train;35;18;59814;64156.69
815;synthetic;train;3399;65;64629;327296.44
816;synthetic;train;2957;15;83984;133839.01
817;synthetic;test;3383;8;46996;75737.08
818;synthetic;train;3154;40;84048;231181.14
819;synthetic;train;3555;40;5948;159146.58
820;synthetic;test;1292;19;47411;75888.37
821;synthetic;train;2225;39;19548;115069.0
822;synthetic;train;1144;58;2698;76582.28
823;synthetic;test;813;75;9915;82099.89
824;synthetic;train;1576;18;10465;40394.52
825;synthetic;train;1606;44;17614;96617.59
826;synthetic;test;295;12;65155;71427.17
827;synthetic;train;3269;16;32040;87603.14
828;synthetic;train;1306;31;24430;69803.83
829;synthetic;train;210;45;35737;51721.33
830;synthetic;train;1300;23;92934;131452.13
831;synthetic;train;2319;36;20539;111991.24
832;synthetic;test;3044;75;3231;263894.54
833;synthetic;test;3532;59;9983;242784.67
834;synthetic;train;2861;10;5086;34397.88
835;synthetic;train;438;39;61957;88813.52
836;synthetic;test;1547;11;19917;38020.73
837;synthetic;test;3239;81;75427;400385.49
838;synthetic;train;392;69;69199;117516.5
839;synthetic;train;1999;13;99668;130675.93
840;synthetic;test;1681;4;20997;28058.58
841;synthetic;train;1524;6;32393;42297.55
842;synthetic;train;1779;80;8637;174606.7
843;synthetic;train;2192;77;80619;296865.35
844;synthetic;train;3514;15;80135;138374.3
845;synthetic;train;3718;28;49864;164023.56
846;synthetic;train;2017;42;28978;124396.08
847;synthetic;train;3689;81;38073;393380.07
848;synthetic;test;3060;34;79481;199339.96
849;synthetic;train;2222;40;12805;109853.33
850;synthetic;test;2487;27;21686;94099.77
851;synthetic;train;734;83;10328;83897.11
852;synthetic;train;3034;73;3105;255077.72
853;synthetic;train;2239;49;35867;161580.3
854;synthetic;test;2533;35;43969;143581.28
855;synthetic;train;1639;68;63315;204671.14
856;synthetic;train;1440;78;80206;232435.04
857;synthetic;test;3544;62;39149;292564.57
858;synthetic;train;2937;28;27093;116071.44
859;synthetic;train;1713;82;56793;236380.23
860;synthetic;train;1458;39;29121;93974.58
861;synthetic;train;2503;30;55440;140358.12
862;synthetic;train;1405;27;97024;145902.81
863;synthetic;train;1313;6;37859;46592.94
864;synthetic;train;2022;8;30568;47813.25
865;synthetic;test;631;43;72312;112655.3
866;synthetic;train;3680;33;86326;224918.93
867;synthetic;train;815;66;56267;130341.87
868;synthetic;train;2881;64;53243;271713.16
869;synthetic;train;978;45;82679;143590.44
870;synthetic;train;3688;78;18146;352520.11
871;synthetic;train;2270;9;66895;89702.36
872;synthetic;test;3770;5;65657;85797.93
873;synthetic;train;3592;72;39248;342598.07
874;synthetic;train;394;78;92133;154586.05
875;synthetic;test;2200;83;461;211266.75
876;synthetic;train;2343;4;93570;104274.22
877;synthetic;train;2585;77;56267;299949.97
878;synthetic;test;316;3;33557;34848.02
879;synthetic;test;2825;13;85215;126575.87
880;synthetic;train;910;42;20308;64442.5
881;synthetic;train;1769;38;547;72397.3
882;synthetic;test;2157;67;93628;279180.61
883;synthetic;test;1256;74;87877;217978.36
884;synthetic;train;3755;32;85090;221653.46
885;synthetic;train;2147;5;27034;38330.41
886;synthetic;test;2553;14;43473;82194.86
887;synthetic;train;2944;13;49659;91031.47
888;synthetic;train;816;46;24071;68681.66
889;synthetic;train;3668;7;96358;124649.61
890;synthetic;test;3009;72;85151;353418.33
891;synthetic;test;712;79;59427;141737.72
892;synthetic;train;3656;74;57961;381423.06
893;synthetic;test;1422;10;10110;24935.41
894;synthetic;train;1480;69;50534;178564.51
895;synthetic;train;1830;21;56439;100395.17
896;synthetic;test;2424;83;72942;328254.35
897;synthetic;train;2307;77;42498;257720.4
898;synthetic;train;3552;32;12778;134350.16
899;synthetic;train;1586;11;11840;30080.26
900;synthetic;train;3348;67;22121;279354.48
901;synthetic;test;3183;6;28439;48334.6
902;synthetic;train;2683;26;73051;152639.13
903;synthetic;train;3322;6;2397;22611.17
904;synthetic;train;3572;44;50647;228172.34
905;synthetic;train;1761;37;69013;147509.33
906;synthetic;train;2203;14;62664;97276.83
907;synthetic;train;2539;10;37673;64807.95
908;synthetic;train;3003;52;13637;186978.39
909;synthetic;train;152;49;46173;62453.76
910;synthetic;train;3651;44;93149;281125.93
911;synthetic;train;814;38;13962;48871.81
912;synthetic;train;2182;16;49226;87835.89
913;synthetic;train;1307;16;9681;31724.94
914;synthetic;test;1945;80;19875;204513.56
915;synthetic;train;1538;19;80897;116392.95
916;synthetic;train;1576;82;24516;181038.84
917;synthetic;train;306;49;65167;93021.47
918;synthetic;train;3764;74;88417;429460.31
919;synthetic;train;2410;31;42903;126395.9
920;synthetic;train;508;37;36444;61254.69
921;synthetic;train;136;18;53460;59287.1
922;synthetic;train;1403;84;47853;199484.86
923;synthetic;train;3643;56;4039;229494.77
924;synthetic;test;773;60;54512;117978.87
925;synthetic;train;1146;44;90299;158930.85
926;synthetic;train;1477;4;31096;37470.09
927;synthetic;train;3556;64;83748;357683.97
928;synthetic;train;3464;10;28267;64504.95
929;synthetic;test;227;1;83471;83976.99
930;synthetic;train;3560;14;72217;126765.31
931;synthetic;test;2032;6;91575;105756.86
932;synthetic;train;3310;48;70789;255609.12
933;synthetic;train;1509;67;44502;169066.51
934;synthetic;test;3758;6;17215;40374.71
935;synthetic;test;3681;25;31065;129881.18
936;synthetic;train;3006;16;51354;103644.13
937;synthetic;train;1086;17;96438;121076.84
938;synthetic;train;759;8;67394;75376.07
939;synthetic;train;3295;11;70785;110402.15
940;synthetic;test;2055;70;12695;178279.73
941;synthetic;train;3708;53;84216;315737.83
942;synthetic;train;1375;80;62636;207984.37
943;synthetic;train;482;78;79579;146161.65
944;synthetic;train;1140;46;38806;101986.05
945;synthetic;train;2065;82;89893;313106.55
946;synthetic;train;819;82;43794;134877.14
947;synthetic;train;2678;65;48294;254609.99
948;synthetic;train;1735;39;86255;170580.9
949;synthetic;train;1468;24;36160;75904.66
950;synthetic;train;740;33;11407;38585.34
951;synthetic;test;341;61;7743;32586.78
952;synthetic;test;2159;66;72448;249861.74
953;synthetic;train;1695;17;93069;128180.92
954;synthetic;train;3173;52;8676;190747.19
955;synthetic;test;133;27;15752;20996.38
956;synthetic;train;3269;18;28265;90750.82
957;synthetic;train;3707;69;21870;315525.74
958;synthetic;train;1457;44;66427;146055.64
959;synthetic;train;3557;74;97720;423963.14
960;synthetic;train;154;20;56300;63364.7
961;synthetic;train;186;30;15360;22850.4
962;synthetic;train;3545;6;14840;36658.82
963;synthetic;test;741;13;56857;69231.47
964;synthetic;train;1384;77;26082;155368.2
965;synthetic;train;2041;56;62599;201271.15
966;synthetic;train;3026;17;50746;106712.63
967;synthetic;train;3042;73;61779;330547.98
968;synthetic;train;2477;73;62487;284686.57
969;synthetic;train;3605;11;34790;76544.1
970;synthetic;test;426;8;47194;51926.8
971;synthetic;train;858;35;43784;81094.31
972;synthetic;train;2359;80;84939;327434.34
973;synthetic;train;1437;28;77078;126845.61
974;synthetic;train;469;46;42302;72651.1
975;synthetic;train;694;52;32073;77596.39
976;synthetic;train;705;55;17419;63538.63
977;synthetic;train;2556;14;43476;82241.09
978;synthetic;train;3070;20;76763;145640.92
979;synthetic;train;2743;76;16887;259341.83
980;synthetic;train;2717;79;76302;345155.25
981;synthetic;train;714;70;10731;69920.47
982;synthetic;test;2237;42;53108;162079.12
983;synthetic;train;1974;3;50819;57290.45
984;synthetic;train;3559;37;27691;171685.79
985;synthetic;test;3780;9;48628;84698.52
986;synthetic;train;1947;41;92173;191318.88
987;synthetic;test;1602;82;6682;160064.98
988;synthetic;train;2788;50;24054;180329.29
989;synthetic;train;866;61;63761;136778.66
990;synthetic;train;2322;5;59788;72517.74
991;synthetic;train;3729;2;46900;54708.52
992;synthetic;train;1878;76;28284;199093.34
993;synthetic;train;1807;61;6033;129806.09
994;synthetic;train;3044;70;71965;331184.49
995;synthetic;train;2463;63;78176;269331.25
996;synthetic;train;3432;36;45606;182886.28
997;synthetic;train;2424;17;85623;133073.02
998;synthetic;train;2927;54;30165;209541.4
999;synthetic;train;1321;37;66253;127034.18
1000;synthetic;train;2956;57;92994;298258.62
1001;synthetic;test;3650;60;37091;288085.86
1002;synthetic;train;2276;36;62910;158107.6
1003;synthetic;test;3086;32;50576;160634.25
1004;synthetic;train;173;62;48985;72142.43
1005;synthetic;train;1746;45;21549;109929.17
1006;synthetic;test;2272;63;34967;202634.23
1007;synthetic;train;498;33;19858;39562.24
1008;synthetic;train;1420;53;11339;95968.07
1009;synthetic;test;2839;19;89469;151084.1
1010;synthetic;train;2783;23;56323;127436.25
1011;synthetic;train;420;9;95605;102355.26
1012;synthetic;test;3049;13;28269;70093.09
1013;synthetic;test;751;34;29133;59702.53
1014;synthetic;test;1246;45;18905;82545.6
1015;synthetic;train;3354;62;76055;324822.49
1016;synthetic;train;644;60;83625;144944.69
1017;synthetic;train;665;64;35768;91768.59
1018;synthetic;train;2992;41;80221;223601.59
1019;synthetic;test;560;33;27343;50082.22
1020;synthetic;train;943;26;38243;67351.82
1021;synthetic;train;483;60;55024;99313.26
1022;synthetic;train;3151;60;14904;227802.17
1023;synthetic;train;265;36;48112;64387.14
1024;synthetic;test;912;66;58158;139868.73
1025;synthetic;train;2842;10;81508;113212.33
1026;synthetic;train;783;38;43937;81629.62
1027;synthetic;train;3118;24;24075;104107.83
1028;synthetic;train;1290;31;18168;62337.97
1029;synthetic;train;670;20;46748;63844.29
1030;synthetic;train;1304;33;71906;125811.87
1031;synthetic;train;915;77;75178;177573.09
1032;synthetic;train;663;27;18355;38841.56
1033;synthetic;test;1036;31;13089;48398.72
1034;synthetic;test;54;37;70099;81413.78
1035;synthetic;train;1151;73;36927;142347.34
1036;synthetic;train;3423;20;53933;128552.15
1037;synthetic;train;2899;5;93001;109201.99
1038;synthetic;train;1386;42;62844;134851.41
1039;synthetic;train;2443;2;86718;92207.54
1040;synthetic;train;2369;84;47151;292332.49
1041;synthetic;train;2331;38;88978;195551.74
1042;synthetic;train;3163;77;50428;343218.1
1043;synthetic;train;3007;31;46093;149460.31
1044;synthetic;train;2888;7;71049;93210.84
1045;synthetic;test;60;49;47720;59370.25
1046;synthetic;train;1780;42;49193;136942.46
1047;synthetic;train;1547;38;56817;127244.91
1048;synthetic;train;2901;47;64252;222963.71
1049;synthetic;train;3179;84;10865;322975.9
1050;synthetic;train;2709;19;19678;74183.88
1051;synthetic;train;3013;6;84784;104783.96
1052;synthetic;train;2928;84;66794;372576.48
1053;synthetic;train;3317;10;88990;125785.46
1054;synthetic;train;609;27;12819;31257.1
1055;synthetic;test;1526;63;26808;140197.5
1056;synthetic;test;3124;51;62893;248457.89
1057;synthetic;train;3567;37;34464;179661.77
1058;synthetic;train;3779;47;61461;264442.69
1059;synthetic;train;1125;19;16980;40190.23
1060;synthetic;train;849;17;74672;93891.95
1061;synthetic;train;220;53;94930;126013.05
1062;synthetic;train;2909;34;5940;111544.42
1063;synthetic;train;3169;1;68133;71539.67
1064;synthetic;train;2549;17;73987;122949.68
1065;synthetic;train;666;19;81199;99583.17
1066;synthetic;train;3720;23;92134;188530.29
1067;synthetic;train;3470;65;14005;269608.39
1068;synthetic;train;1137;57;99922;192274.7
1069;synthetic;train;3095;36;23525;145084.92
1070;synthetic;train;3649;24;34222;128387.33
1071;synthetic;train;3665;48;26460;222109.58
1072;synthetic;test;20;37;98601;112309.45
1073;synthetic;train;1643;59;25303;138078.45
1074;synthetic;train;2947;66;60830;293648.46
1075;synthetic;train;2933;49;37832;200890.36
1076;synthetic;train;2803;71;84106;331385.8
1077;synthetic;train;809;57;430;51380.94
1078;synthetic;test;2173;48;36349;155929.2
1079;synthetic;train;3777;75;3864;327254.65
1080;synthetic;train;793;18;89756;110031.35
1081;synthetic;train;1971;62;80994;235501.91
1082;synthetic;train;2916;8;14033;38092.27
1083;synthetic;train;1501;29;74708;128051.82
1084;synthetic;train;593;32;23657;46371.76
1085;synthetic;train;717;15;19549;31595.91
1086;synthetic;train;2144;35;43529;128623.26
1087;synthetic;train;1821;63;86182;234131.41
1088;synthetic;test;2000;54;73856;206904.38
1089;synthetic;train;2623;12;98299;134470.23
1090;synthetic;test;626;35;65260;96596.99
1091;synthetic;train;1532;21;92335;132396.79
1092;synthetic;train;271;21;99300;112392.02
1093;synthetic;test;2773;8;75458;100013.2
1094;synthetic;train;3684;9;41405;76377.39
1095;synthetic;train;1779;12;20056;42689.35
1096;synthetic;train;660;16;40353;53424.07
1097;synthetic;test;1762;20;28943;67434.71
1098;synthetic;test;730;67;21175;81346.56
1099;synthetic;train;3448;46;80272;265227.24
1100;synthetic;train;2418;23;60136;122813.39
1101;synthetic;train;1041;10;25473;36937.72
1102;synthetic;train;1047;12;2360;15295.72
1103;synthetic;test;3586;44;40205;216748.25
1104;synthetic;train;3533;19;40287;112326.48
1105;synthetic;train;3217;54;39919;238399.38
1106;synthetic;train;972;3;8505;11525.82
1107;synthetic;test;615;67;63925;126128.44
1108;synthetic;train;1647;66;16078;141792.91
1109;synthetic;train;801;33;91740;130374.14
1110;synthetic;train;2334;72;24816;221740.07
1111;synthetic;train;3223;7;22766;46166.38
1112;synthetic;train;1987;5;85827;97301.81
1113;synthetic;test;3296;46;30580;199747.25
1114;synthetic;train;376;52;53767;85305.85
1115;synthetic;train;2887;51;12829;175938.33
1116;synthetic;train;462;66;15902;53964.39
1117;synthetic;train;3566;9;72838;107686.18
1118;synthetic;train;3705;38;5671;156764.57
1119;synthetic;train;3331;16;52746;110462.07
1120;synthetic;train;3741;63;4631;268357.19
1121;synthetic;test;3117;14;74936;123254.66
1122;synthetic;test;2359;25;42361;107636.03
1123;synthetic;train;447;83;23834;74218.18
1124;synthetic;train;1172;43;67238;131852.08
1125;synthetic;train;1920;43;58265;156135.27
1126;synthetic;train;3259;34;83213;210694.56
1127;synthetic;train;2990;81;91316;398002.71
1128;synthetic;train;3033;21;77430;149115.8
1129;synthetic;test;2798;25;67797;146742.21
1130;synthetic;train;961;44;79675;137850.85
1131;synthetic;train;716;29;79524;109416.31
1132;synthetic;train;1724;81;796;161585.06
1133;synthetic;train;2742;69;91786;328513.91
1134;synthetic;train;595;83;39228;108680.96
1135;synthetic;train;1337;30;63822;112773.23
1136;synthetic;train;2505;40;7103;115467.64
1137;synthetic;test;3749;19;9380;83645.76
1138;synthetic;train;2270;35;61557;153563.09
1139;synthetic;train;3327;9;28405;59715.12
1140;synthetic;test;1962;67;60064;222572.77
1141;synthetic;train;1454;52;97998;199193.23
1142;synthetic;train;1824;75;77996;255750.99
1143;synthetic;train;1145;21;77020;107541.52
1144;synthetic;train;788;29;23539;49954.83
1145;synthetic;train;2304;25;65848;131724.4
1146;synthetic;train;3552;70;94796;400114.1
1147;synthetic;train;92;39;22016;28904.63
1148;synthetic;train;3487;60;32022;271053.88
1149;synthetic;test;2141;51;49561;177930.4
1150;synthetic;train;1802;5;45246;55105.66
1151;synthetic;train;1323;69;86510;211628.69
1152;synthetic;train;2851;3;84123;93577.18
1153;synthetic;train;1506;35;94515;162185.56
1154;synthetic;train;3295;5;35983;53227.21
1155;synthetic;test;2848;46;25761;171825.06
1156;synthetic;train;1994;73;22329;193508.92
1157;synthetic;train;2835;62;88571;304408.89
1158;synthetic;train;1132;19;54766;80580.04
1159;synthetic;train;2018;35;77927;162585.47
1160;synthetic;test;3036;21;79553;151457.79
1161;synthetic;train;876;35;2718;35624.83
1162;synthetic;train;1293;81;44256;178354.9
1163;synthetic;test;2698;10;63556;93186.22
1164;synthetic;train;1411;63;92802;213510.46
1165;synthetic;train;2020;9;47613;67546.3
1166;synthetic;test;467;38;6114;25886.53
1167;synthetic;test;2433;27;20153;90894.62
1168;synthetic;test;65;75;83720;113000.44
1169;synthetic;train;3084;5;34956;51117.39
1170;synthetic;train;3691;49;12849;211891.52
1171;synthetic;train;535;23;97235;117778.94
1172;synthetic;test;644;76;67802;143095.9
1173;synthetic;test;3503;70;33216;318512.02
1174;synthetic;train;3146;15;29097;79054.47
1175;synthetic;train;804;12;9000;19226.28
1176;synthetic;train;712;11;38042;47450.72
1177;synthetic;train;270;6;98983;102618.23
1178;synthetic;test;333;7;3010;5443.22
1179;synthetic;train;503;45;82726;120548.26
1180;synthetic;test;2792;49;8502;158849.05
1181;synthetic;train;2942;4;63091;75802.83
1182;synthetic;train;1555;75;30753;172160.93
1183;synthetic;train;2426;37;52213;154735.56
1184;synthetic;train;3567;60;41456;287894.41
1185;synthetic;train;1700;60;34606;155337.74
1186;synthetic;test;637;40;6822;35092.32
1187;synthetic;train;644;36;79657;114466.01
1188;synthetic;train;2969;22;42193;113279.15
1189;synthetic;train;583;64;24635;72134.6
1190;synthetic;train;3038;71;68909;330990.8
1191;synthetic;test;1254;81;68605;206605.17
1192;synthetic;train;2454;72;88147;311996.67
1193;synthetic;test;295;75;76503;123363.66
1194;synthetic;train;784;26;75267;103396.6
1195;synthetic;train;823;39;68890;112766.91
1196;synthetic;train;2471;77;11153;231638.01
1197;synthetic;test;1121;83;56883;182319.03
1198;synthetic;train;945;25;33921;61540.36
1199;synthetic;train;2106;24;62186;120061.16
1200;synthetic;train;1692;52;15512;114657.83
1201;synthetic;train;2369;78;13508;228843.27
1202;synthetic;train;1244;59;61741;156367.02
1203;synthetic;train;2564;48;68259;213749.89
1204;synthetic;train;2315;7;75129;93322.15
1205;synthetic;train;1697;5;40903;50159.5
1206;synthetic;train;1653;8;99609;115720.34
1207;synthetic;train;844;28;44096;73211.54
1208;synthetic;train;3163;63;77097;317145.75
1209;synthetic;train;900;72;82975;178783.77
1210;synthetic;test;1762;46;3714;92058.85
1211;synthetic;train;2889;81;47256;330906.25
1212;synthetic;train;2053;42;8264;102200.34
1213;synthetic;train;2354;61;92797;273154.29
1214;synthetic;train;3533;42;95899;269805.75
1215;synthetic;train;2008;54;60200;191034.1
1216;synthetic;train;3794;62;12000;276437.87
1217;synthetic;train;273;35;51569;68089.71
1218;synthetic;train;2540;41;51464;170751.87
1219;synthetic;train;3502;29;49351;161148.54
1220;synthetic;train;2118;40;96812;201364.04
1221;synthetic;train;3656;44;45058;225688.97
1222;synthetic;train;2238;16;42598;81767.25
1223;synthetic;train;824;13;9518;20904.11
1224;synthetic;test;2230;1;64617;67069.82
1225;synthetic;train;1641;31;76925;138961.25
1226;synthetic;train;2047;62;70948;228395.94
1227;synthetic;train;122;19;56998;63115.07
1228;synthetic;train;3707;13;10555;60352.24
1229;synthetic;train;3576;82;16736;359690.06
1230;synthetic;train;1526;53;19522;111883.53
1231;synthetic;train;1239;34;64156;116517.4
1232;synthetic;test;1170;35;28958;76037.51
1233;synthetic;train;2886;13;23068;62493.06
1234;synthetic;test;949;77;94448;205460.1
1235;synthetic;test;1900;14;75610;106490.66
1236;synthetic;train;1869;72;35999;198056.45
1237;synthetic;train;3795;68;22394;318153.82
1238;synthetic;test;2757;25;34979;110006.51
1239;synthetic;train;951;58;26287;92825.46
1240;synthetic;train;2427;49;75080;217760.55
1241;synthetic;train;3775;1;99028;103145.68
1242;synthetic;test;415;45;34089;59775.2
1243;synthetic;test;2428;61;85997;269837.01
1244;synthetic;test;1527;79;32243;180143.74
1245;synthetic;test;774;32;52854;84971.37
1246;synthetic;train;2539;70;22485;228852.48
1247;synthetic;test;1152;79;43981;161470.78
1248;synthetic;train;917;83;44897;146986.25
1249;synthetic;train;3743;78;90611;451367.81
1250;synthetic;test;2210;68;96056;289371.03
1251;synthetic;train;1022;4;32085;36637.13
1252;synthetic;test;2420;46;8058;129883.46
1253;synthetic;test;2130;15;50550;85952.74
1254;synthetic;train;2187;54;41255;178966.17
1255;synthetic;train;1551;58;74918;190259.09
1256;synthetic;train;3069;29;42408;140297.29
1257;synthetic;train;1256;45;12722;75850.02
1258;synthetic;train;1634;16;53241;83049.87
1259;synthetic;test;3231;83;44628;368206.82
1260;synthetic;train;214;20;10481;15635.32
1261;synthetic;train;2885;83;55398;349272.02
1262;synthetic;train;672;2;97610;99612.55
1263;synthetic;train;1202;10;17700;30541.52
1264;synthetic;train;969;56;89179;167196.17
1265;synthetic;train;1045;58;6494;74842.29
1266;synthetic;train;38;5;92313;94053.76
1267;synthetic;train;2210;68;2172;171646.33
1268;synthetic;train;84;72;10261;19884.5
1269;synthetic;train;590;44;60657;98225.09
1270;synthetic;train;869;38;67487;111843.58
1271;synthetic;train;1682;33;7179;66778.41
1272;synthetic;train;1717;68;62676;209831.79
1273;synthetic;train;3393;11;1101;39219.87
1274;synthetic;test;2083;16;59399;96935.62
1275;synthetic;train;3434;29;54949;165239.98
1276;synthetic;train;2590;13;89738;128171.57
1277;synthetic;train;770;68;65999;141614.16
1278;synthetic;train;535;61;19647;60312.47
1279;synthetic;train;2277;81;95315;336842.7
1280;synthetic;test;3310;42;55954;213799.93
1281;synthetic;train;1141;78;47723;163652.05
1282;synthetic;train;2932;31;74043;177994.41
1283;synthetic;train;852;62;4596;64415.22
1284;synthetic;test;398;30;48204;65842.05
1285;synthetic;test;2703;31;1843;90457.88
1286;synthetic;train;1236;37;54372;110244.02
1287;synthetic;train;2447;21;61041;118773.1
1288;synthetic;train;2400;66;52205;242464.21
1289;synthetic;train;3079;19;71171;136306.93
1290;synthetic;train;174;9;86472;90693.35
1291;synthetic;train;1805;53;60341;176773.88
1292;synthetic;train;2640;21;17826;76635.01
1293;synthetic;train;161;73;22359;41832.91
1294;synthetic;train;2185;39;16235;109628.3
1295;synthetic;train;1572;7;17666;29234.05
1296;synthetic;train;530;70;56742;113472.9
1297;synthetic;train;3517;37;20135;161483.29
1298;synthetic;train;2312;79;53259;278527.69
1299;synthetic;train;67;26;92497;102679.11
1300;synthetic;train;1969;80;50927;247240.72
1301;synthetic;train;45;74;76302;101389.76
1302;synthetic;train;2717;82;19619;282357.03
1303;synthetic;train;3442;20;97071;175052.55
1304;synthetic;train;727;47;78935;129346.42
1305;synthetic;train;296;6;84979;88489.64
1306;synthetic;train;229;52;93822;124568.86
1307;synthetic;train;2335;41;41725;150568.81
1308;synthetic;train;2425;49;50177;188340.33
1309;synthetic;train;583;56;73977;125079.22
1310;synthetic;train;2693;7;70288;91048.59
1311;synthetic;train;2773;16;84898;135187.17
1312;synthetic;train;1990;40;72274;167846.9
1313;synthetic;train;1937;46;31221;132829.28
1314;synthetic;train;3525;82;13043;350022.16
1315;synthetic;train;2785;2;36899;42743.28
1316;synthetic;train;3685;15;37700;96401.8
1317;synthetic;train;834;62;46392;114547.22
1318;synthetic;train;2253;80;52105;274852.9
1319;synthetic;train;2789;9;21524;47701.48
1320;synthetic;train;3598;73;65668;381525.51
1321;synthetic;test;1437;17;85173;115305.38
1322;synthetic;train;2984;21;58983;128265.93
1323;synthetic;train;2350;41;92667;209617.81
1324;synthetic;train;471;22;9502;20992.38
1325;synthetic;train;2633;55;98732;277741.32
1326;synthetic;train;2060;13;45088;74494.64
1327;synthetic;train;335;57;67420;102563.04
1328;synthetic;train;3259;29;31012;133540.96
1329;synthetic;train;270;35;47531;63441.37
1330;synthetic;train;2867;64;14025;222186.19
1331;synthetic;train;1083;43;33505;88808.41
1332;synthetic;train;97;72;73128;100831.63
1333;synthetic;train;1976;27;84274;148111.88
1334;synthetic;train;134;38;80096;96329.89
1335;synthetic;train;3621;22;65080;152811.52
1336;synthetic;train;720;10;35302;43829.86
1337;synthetic;train;3363;58;48927;274851.34
1338;synthetic;train;1074;12;27076;41349.8
1339;synthetic;train;580;16;68754;82061.35
1340;synthetic;train;504;4;54234;56993.6
1341;synthetic;train;1089;39;13978;61340.81
1342;synthetic;train;797;38;69002;110641.42
1343;synthetic;train;1574;46;52188;139190.67
1344;synthetic;train;1021;24;42572;71663.14
1345;synthetic;train;121;58;61439;82273.16
1346;synthetic;train;1163;32;32870;75898.69
1347;synthetic;train;2475;64;10866;190271.0
1348;synthetic;train;1570;2;45225;48682.72
1349;synthetic;train;943;29;45655;79038.43
1350;synthetic;train;1230;34;76477;129989.91
1351;synthetic;train;3079;1;37784;40999.21
1352;synthetic;train;3218;45;20528;180319.06
1353;synthetic;train;2255;13;2183;32287.74
1354;synthetic;train;2403;44;75650;201633.34
1355;synthetic;test;1310;72;42128;160290.0
1356;synthetic;train;2804;9;9715;35670.73
1357;synthetic;test;2974;71;94241;357940.04
1358;synthetic;train;1233;2;97991;101123.71
1359;synthetic;train;2285;21;76385;131698.18
1360;synthetic;train;3434;24;76967;169305.66
1361;synthetic;train;2992;43;63236;211510.67
1362;synthetic;train;1024;79;98311;220552.3
1363;synthetic;train;3727;62;4234;262271.05
1364;synthetic;train;1392;38;95985;165403.67
1365;synthetic;train;2078;46;14674;120565.57
1366;synthetic;train;3016;29;9187;102094.2
1367;synthetic;test;3753;16;1623;63489.8
1368;synthetic;train;295;39;10290;24021.42
1369;synthetic;train;3202;44;32390;189475.07
1370;synthetic;train;11;41;15130;17825.79
1371;synthetic;test;3716;25;47488;148642.83
1372;synthetic;train;70;11;20748;22307.12
1373;synthetic;test;196;61;94542;129098.26
1374;synthetic;train;3744;23;78875;174791.24
1375;synthetic;test;1915;4;9070;16915.59
1376;synthetic;test;2081;36;838;80665.34
1377;synthetic;train;3534;62;50241;305508.52
1378;synthetic;train;3750;82;97396;482088.27
1379;synthetic;train;983;74;50455;147162.14
1380;synthetic;train;2758;73;16332;249097.85
1381;synthetic;train;1703;11;27949;48102.9
1382;synthetic;train;1571;72;86267;237649.07
1383;synthetic;train;1481;28;53072;101788.62
1384;synthetic;train;3465;83;22676;361677.87
1385;synthetic;train;708;60;30140;83897.01
1386;synthetic;train;759;3;40321;43017.77
1387;synthetic;train;1488;48;20018;101058.72
1388;synthetic;train;2714;58;46235;229996.98
1389;synthetic;train;689;43;67481;109766.81
1390;synthetic;train;1416;23;50651;88583.14
1391;synthetic;train;1349;34;34886;87707.44
1392;synthetic;train;1153;61;46024;134492.49
1393;synthetic;train;1772;55;36130;150513.69
1394;synthetic;train;383;72;5570;38289.96
1395;synthetic;train;2173;23;21383;75111.82
1396;synthetic;train;159;76;42920;69043.5
1397;synthetic;train;1302;63;3897;96216.09
1398;synthetic;train;2145;42;55344;160496.58
1399;synthetic;test;470;81;23846;74990.91
1400;synthetic;train;2578;63;34398;223416.05
1401;synthetic;train;496;25;80695;100647.52
1402;synthetic;train;3444;79;22631;341145.16
1403;synthetic;train;2304;13;71036;104836.84
1404;synthetic;train;1580;60;68513;188755.66
1405;synthetic;train;3772;42;34154;209589.94
1406;synthetic;train;2001;14;11176;40433.58
1407;synthetic;train;1972;70;53325;223014.14
1408;synthetic;train;2971;15;44939;93011.24
1409;synthetic;train;2329;30;1412;75159.28
1410;synthetic;train;279;78;60514;103337.31
1411;synthetic;train;1005;22;3956;27234.16
1412;synthetic;train;3590;10;75946;115080.64
1413;synthetic;train;912;29;27390;57977.53
1414;synthetic;train;3133;3;35229;45044.26
1415;synthetic;train;1061;23;19294;46232.15
1416;synthetic;train;3467;32;41820;163780.62
1417;synthetic;train;1463;83;33901;184773.88
1418;synthetic;train;1298;28;32697;74044.6
1419;synthetic;test;340;51;2520;21915.95
1420;synthetic;test;858;17;29149;45877.02
1421;synthetic;train;2875;51;99081;277476.21
1422;synthetic;train;1334;78;4491;124824.38
1423;synthetic;train;1916;68;53182;213137.64
1424;synthetic;train;3546;27;3333;103988.1
1425;synthetic;train;2940;6;76476;95865.26
1426;synthetic;train;2786;71;47893;284157.45
1427;synthetic;train;3402;15;43435;98070.34
1428;synthetic;train;462;65;71427;122256.47
1429;synthetic;train;3064;65;30846;261005.57
1430;synthetic;test;258;79;49282;87451.65
1431;synthetic;train;358;78;99427;160830.29
1432;synthetic;train;1692;65;3629;127490.54
1433;synthetic;train;354;24;65623;79938.31
1434;synthetic;train;507;3;66877;69079.16
1435;synthetic;train;2926;63;79923;303991.77
1436;synthetic;test;3050;51;51941;231360.04
1437;synthetic;train;3256;30;9788;113708.9
1438;synthetic;train;2857;24;97886;177523.89
1439;synthetic;train;1573;72;4245;133583.29
1440;synthetic;train;2505;38;46260;154135.36
1441;synthetic;train;1007;82;39273;146691.69
1442;synthetic;test;3231;36;4827;129217.16
1443;synthetic;train;3341;16;27034;83508.56
1444;synthetic;train;3272;76;91676;401474.22
1445;synthetic;train;1618;64;32781;156159.49
1446;synthetic;test;2813;43;5195;136252.0
1447;synthetic;train;1587;40;25737;97413.27
1448;synthetic;test;1422;43;4970;71581.25
1449;synthetic;train;576;65;35193;85558.79
1450;synthetic;train;2311;48;55122;185147.93
1451;synthetic;train;1570;41;82392;163519.37
1452;synthetic;train;3667;22;66948;155873.1
1453;synthetic;train;3685;1;78472;82430.86
1454;synthetic;test;1887;82;57827;254170.53
1455;synthetic;test;3184;14;14210;60594.35
1456;synthetic;train;3521;45;55834;236061.88
1457;synthetic;test;645;20;81823;100815.27
1458;synthetic;test;1152;50;31653;100156.81
1459;synthetic;train;1001;14;92960;111762.85
1460;synthetic;train;3572;10;35325;72901.8
1461;synthetic;train;2142;33;72104;155311.1
1462;synthetic;train;988;5;33693;39247.92
1463;synthetic;test;2271;16;81590;123434.85
1464;synthetic;train;46;6;50884;52189.45
1465;synthetic;test;1946;25;25855;78913.48
1466;synthetic;train;265;56;37903;62007.48
1467;synthetic;train;450;34;93706;121157.52
1468;synthetic;train;992;76;25874;119245.58
1469;synthetic;train;706;22;32326;50922.97
1470;synthetic;train;458;50;33345;64338.39
1471;synthetic;train;2728;42;44266;174080.32
1472;synthetic;train;1789;14;71288;100369.1
1473;synthetic;train;395;61;99977;149237.81
1474;synthetic;train;2903;39;31447;156898.56
1475;synthetic;train;3315;22;48238;127694.05
1476;synthetic;train;2929;78;92096;380678.32
1477;synthetic;test;333;76;11402;43527.23
1478;synthetic;train;2221;79;65481;286188.5
1479;synthetic;train;3600;29;31472;144446.77
1480;synthetic;train;1239;30;68281;114603.4
1481;synthetic;train;1719;62;41616;169718.94
1482;synthetic;train;1169;16;55106;77362.49
1483;synthetic;train;3413;73;25331;314784.59
1484;synthetic;train;1815;60;61243;195511.24
1485;synthetic;train;255;50;3875;18471.67
1486;synthetic;train;442;55;10254;39034.81
1487;synthetic;test;1288;50;65546;147596.35
1488;synthetic;train;1693;8;79911;95815.72
1489;synthetic;test;3609;75;74852;404031.5
1490;synthetic;train;1528;74;48817;190872.68
1491;synthetic;train;518;72;32016;82897.62
1492;synthetic;train;3567;31;86940;213063.69
1493;synthetic;train;2041;40;29687;121382.08
1494;synthetic;train;3175;6;46887;67106.06
1495;synthetic;train;1401;46;25455;99421.89
1496;synthetic;train;2525;33;18813;109215.75
1497;synthetic;train;748;59;26189;80714.12
1498;synthetic;train;1167;53;32978;107092.26
1499;synthetic;test;1474;21;34538;69152.56
1500;synthetic;train;2632;45;99754;243849.41
1501;synthetic;train;2933;2;37887;44035.37
1502;synthetic;train;1101;50;26565;91368.66
1503;synthetic;train;3671;26;52198;156778.26
1504;synthetic;train;467;77;91185;158871.11
1505;synthetic;train;3015;30;5871;101764.78
1506;synthetic;train;2701;37;99038;218541.96
1507;synthetic;train;2653;46;98672;247087.66
1508;synthetic;train;3041;39;1885;128996.22
1509;synthetic;train;352;38;56201;78059.14
1510;synthetic;train;114;11;70430;74335.28
1511;synthetic;train;2855;3;50768;59899.6
1512;synthetic;train;307;61;83408;122978.09
1513;synthetic;train;3303;51;62895;258426.21
1514;synthetic;train;3521;52;44627;253278.98
1515;synthetic;train;2867;50;84246;255722.87
1516;synthetic;train;1993;74;4486;173245.33
1517;synthetic;train;138;9;55619;58572.89
1518;synthetic;train;2694;19;15574;69517.32
1519;synthetic;test;3269;64;64840;313783.34
1520;synthetic;train;1855;36;2052;73376.06
1521;synthetic;train;714;76;33902;105503.78
1522;synthetic;test;2677;60;30942;215854.06
1523;synthetic;train;776;59;9358;62060.09
1524;synthetic;train;1880;75;71133;251720.89
1525;synthetic;test;2903;7;19979;41043.63
1526;synthetic;train;1045;25;19408;48379.56
1527;synthetic;train;3693;14;70819;127209.84
1528;synthetic;train;2229;52;21465;152271.88
1529;synthetic;train;1168;51;29912;100474.28
1530;synthetic;test;2637;4;7282;18015.76
1531;synthetic;train;2768;52;4317;162534.42
1532;synthetic;train;3416;1;95556;99301.91
1533;synthetic;train;2772;84;94888;394587.24
1534;synthetic;train;1189;64;21091;111044.95
1535;synthetic;train;1792;21;48605;91166.19
1536;synthetic;train;3314;37;9239;141153.27
1537;synthetic;train;1233;67;52171;157900.91
1538;synthetic;train;2128;37;29278;117042.31
1539;synthetic;train;2273;54;89812;242177.95
1540;synthetic;train;2347;84;82658;337155.28
1541;synthetic;train;299;33;38468;53379.66
1542;synthetic;train;11;16;76219;80568.3
1543;synthetic;train;1338;13;28747;47823.25
1544;synthetic;train;1043;15;10119;26705.68
1545;synthetic;train;2903;70;49629;291856.68
1546;synthetic;test;2338;78;84267;317807.59
1547;synthetic;train;123;81;6697;20222.95
1548;synthetic;train;100;34;74586;87126.76
1549;synthetic;train;305;25;26273;36516.66
1550;synthetic;train;1510;83;33141;188272.58
1551;synthetic;train;794;11;19811;29460.26
1552;synthetic;train;505;49;42051;76420.11
1553;synthetic;train;1892;70;58044;222654.5
1554;synthetic;train;589;32;31258;54691.58
1555;synthetic;train;3141;26;13858;100555.55
1556;synthetic;train;2796;36;9586;117917.52
1557;synthetic;train;2621;18;86824;140884.27
1558;synthetic;train;3163;32;55560;168782.58
1559;synthetic;train;2157;55;6914;138705.06
1560;synthetic;train;1234;15;69750;92331.42
1561;synthetic;train;262;44;72788;96701.02
1562;synthetic;test;3603;25;797;94950.53
1563;synthetic;test;2750;1;6639;9420.3
1564;synthetic;train;3763;73;70754;401666.83
1565;synthetic;train;3175;7;8892;31624.88
1566;synthetic;train;1143;2;88832;91722.65
1567;synthetic;train;213;46;85363;110088.72
1568;synthetic;train;2792;20;47033;108106.11
1569;synthetic;train;2083;65;42624;204322.47
1570;synthetic;train;1083;67;88648;192211.65
1571;synthetic;train;1857;3;50066;56176.55
1572;synthetic;train;3379;84;40103;381058.87
1573;synthetic;test;570;49;83071;128170.26
1574;synthetic;test;3591;5;29055;47677.84
1575;synthetic;train;1815;9;88634;107938.44
1576;synthetic;train;426;56;91863;136948.51
1577;synthetic;train;2603;65;26331;221891.86
1578;synthetic;train;3144;36;6132;127355.43
1579;synthetic;test;1393;30;52144;101638.81
1580;synthetic;train;1006;39;42797;90691.4
1581;synthetic;train;1242;59;30548;118276.4
1582;synthetic;test;2909;22;86488;159566.93
1583;synthetic;train;1387;4;14994;20789.31
1584;synthetic;train;3063;74;21198;284554.54
1585;synthetic;train;2288;49;13378;137720.42
1586;synthetic;train;1717;59;96713;229812.29
1587;synthetic;train;3221;9;23753;53951.62
1588;synthetic;test;1659;13;57069;81669.06
1589;synthetic;train;32;10;4725;5210.82
1590;synthetic;train;1122;65;17727;103561.75
1591;synthetic;train;3751;23;4488;94654.77
1592;synthetic;train;1274;63;10665;102596.84
1593;synthetic;train;273;72;59213;97492.07
1594;synthetic;train;1304;64;84433;197637.85
1595;synthetic;train;1364;48;1093;72391.42
1596;synthetic;test;1163;50;19710;86651.12
1597;synthetic;train;3766;82;25761;389489.41
1598;synthetic;train;1506;16;50395;77941.2
1599;synthetic;train;470;33;55526;78392.07
1600;synthetic;test;2325;51;22142;155684.05
1601;synthetic;train;3010;59;75308;288195.26
1602;synthetic;train;1777;75;38986;201671.38
1603;synthetic;train;3061;18;24726;83128.52
1604;synthetic;train;2001;47;74622;189225.76
1605;synthetic;train;1130;74;32978;137160.06
1606;synthetic;train;2029;79;53940;253799.79
1607;synthetic;train;2591;77;97460;353701.43
1608;synthetic;train;1897;36;19693;94871.24
1609;synthetic;train;2042;78;48712;245309.84
1610;synthetic;train;1324;10;38973;53776.93
1611;synthetic;train;899;83;52764;155632.26
1612;synthetic;train;520;6;85075;89947.35
1613;synthetic;train;3539;65;12384;272611.26
1614;synthetic;test;373;17;75114;86020.51
1615;synthetic;train;2908;71;9693;245563.57
1616;synthetic;train;582;76;92875;170013.78
1617;synthetic;train;2757;9;6862;32300.88
1618;synthetic;test;211;59;84597;116727.56
1619;synthetic;train;2400;23;75735;139222.22
1620;synthetic;train;224;70;89189;130270.51
1621;synthetic;train;2729;74;58618;304351.42
1622;synthetic;test;1779;28;92171;153465.55
1623;synthetic;train;2649;17;95698;147676.24
1624;synthetic;train;224;50;19054;34709.36
1625;synthetic;train;2524;35;43713;142958.97
1626;synthetic;train;2551;64;38004;229280.21
1627;synthetic;train;3791;42;16039;189615.52
1628;synthetic;train;24;18;69110;73822.15
1629;synthetic;train;2049;29;48138;115501.76
1630;synthetic;train;3184;49;5809;176576.55
1631;synthetic;train;186;41;40428;54522.31
1632;synthetic;train;3231;49;75686;261335.02
1633;synthetic;test;2223;30;65734;142884.51
1634;synthetic;train;2361;61;18924;183129.24
1635;synthetic;train;2437;24;79025;146583.81
1636;synthetic;train;3034;53;94670;289077.29
1637;synthetic;train;2042;3;60620;67395.15
1638;synthetic;train;2955;9;10460;37820.23
1639;synthetic;train;1037;71;52740;149987.07
1640;synthetic;train;3710;74;55483;382791.6
1641;synthetic;train;2580;28;9040;85761.48
1642;synthetic;test;1515;50;18219;104071.05
1643;synthetic;train;842;2;73402;75584.59
1644;synthetic;test;3417;70;38000;317760.63
1645;synthetic;test;2255;81;59136;287422.17
1646;synthetic;test;1124;29;72713;114357.68
1647;synthetic;train;1695;71;86411;245418.47
1648;synthetic;train;136;61;36996;54535.88
1649;synthetic;train;1975;23;36823;87039.26
1650;synthetic;train;1255;5;78277;85928.38
1651;synthetic;train;543;32;19302;39836.31
1652;synthetic;train;610;32;91877;122832.38
1653;synthetic;train;3587;33;50515;181701.96
1654;synthetic;train;3745;20;94471;178550.24
1655;synthetic;train;401;19;33830;43916.18
1656;synthetic;train;140;69;85542;118499.11
1657;synthetic;train;1456;71;77251;214644.02
1658;synthetic;train;3045;68;57348;304657.37
1659;synthetic;train;421;78;60866;116461.03
1660;synthetic;train;3424;81;18716;343357.03
1661;synthetic;train;1528;17;5094;32159.78
1662;synthetic;train;3672;78;93175;448358.04
1663;synthetic;train;3357;55;52214;265649.97
1664;synthetic;train;3767;47;64243;267084.24
1665;synthetic;train;804;63;81945;157505.21
1666;synthetic;train;2578;42;19787;139156.55
1667;synthetic;train;128;53;68302;88907.69
1668;synthetic;train;2935;80;49736;334377.74
1669;synthetic;test;3150;61;27720;247355.73
1670;synthetic;train;3211;5;59889;77110.09
1671;synthetic;test;3573;56;93707;333215.19
1672;synthetic;train;213;45;78062;101029.58
1673;synthetic;train;2440;74;46260;264253.02
1674;synthetic;test;2593;36;87212;197646.45
1675;synthetic;train;453;22;9675;20766.97
1676;synthetic;train;2667;20;31714;89143.48
1677;synthetic;test;3179;31;14583;120152.19
1678;synthetic;train;79;20;91469;99400.42
1679;synthetic;train;2084;84;21513;230759.08
1680;synthetic;train;1335;14;39838;60901.95
1681;synthetic;test;2140;68;36809;209728.45
1682;synthetic;train;2931;53;29181;204976.69
1683;synthetic;train;3466;37;15099;153775.95
1684;synthetic;test;3658;77;4954;327978.75
1685;synthetic;train;3429;80;82909;423024.91
1686;synthetic;train;968;54;53824;121778.17
1687;synthetic;train;2356;52;63921;209970.49
1688;synthetic;test;1953;59;52661;191614.18
1689;synthetic;train;62;3;95810;96958.54
1690;synthetic;train;3455;50;17459;208885.82
1691;synthetic;train;2969;13;37728;78905.72
1692;synthetic;train;1253;2;80701;83758.45
1693;synthetic;train;1936;27;50719;110270.44
1694;synthetic;train;0;37;51958;58766.03
1695;synthetic;train;1290;70;24982;133388.35
1696;synthetic;train;523;45;88728;128492.3
1697;synthetic;train;1426;4;96994;104045.43
1698;synthetic;test;1688;15;61562;90718.77
1699;synthetic;train;1214;79;29396;148111.67
1700;synthetic;train;2090;46;24244;132316.09
1701;synthetic;train;1897;10;64374;85873.55
1702;synthetic;test;2881;80;32578;307028.15
1703;synthetic;train;1083;47;69277;136194.93
1704;synthetic;train;3771;3;23830;35457.68
1705;synthetic;train;997;22;46372;72689.12
1706;synthetic;train;3317;3;81584;92420.04
1707;synthetic;train;2347;52;67831;214107.34
1708;synthetic;train;438;63;24813;61351.43
1709;synthetic;train;1962;57;60395;196358.84
1710;synthetic;train;1227;34;47651;97602.51
1711;synthetic;test;156;61;9995;22812.81
1712;synthetic;test;1742;56;8039;117097.97
1713;synthetic;train;3783;32;1580;129706.84
1714;synthetic;train;2502;47;64033;202374.76
1715;synthetic;train;2853;40;82678;216716.54
1716;synthetic;train;1406;46;15851;88478.21
1717;synthetic;test;2355;22;69673;128808.37
1718;synthetic;train;3044;73;92909;370403.54
1719;synthetic;train;464;12;92619;102082.58
1720;synthetic;train;1447;3;28699;33356.95
1721;synthetic;train;3177;30;7674;108876.47
1722;synthetic;test;2744;17;35280;85406.06
1723;synthetic;train;14;51;44526;53541.42
1724;synthetic;train;3294;29;20460;122987.24
1725;synthetic;train;630;17;45109;58771.55
1726;synthetic;train;331;34;85469;107642.9
1727;synthetic;train;2917;54;89313;279740.65
1728;synthetic;test;2964;55;86307;282831.5
1729;synthetic;test;472;69;29539;73834.99
1730;synthetic;train;2785;77;49603;308921.85
1731;synthetic;train;337;32;40685;56654.65
1732;synthetic;train;3559;80;56847;400949.01
1733;synthetic;train;3612;37;41120;188964.73
1734;synthetic;train;3178;57;52238;262946.97
1735;synthetic;test;1735;60;75346;207409.32
1736;synthetic;train;1864;3;10183;15914.53
1737;synthetic;train;547;39;61420;92748.89
1738;synthetic;train;3054;20;78660;147337.04
1739;synthetic;train;2530;5;35122;48488.35
1740;synthetic;train;1150;75;92120;216365.89
1741;synthetic;train;3113;45;49284;208614.84
1742;synthetic;train;1183;65;8628;96699.37
1743;synthetic;train;1030;12;49426;64070.8
1744;synthetic;test;1139;17;37641;59786.18
1745;synthetic;train;3271;47;82307;262930.47
1746;synthetic;train;3472;76;35100;345941.17
1747;synthetic;test;3334;77;95960;417081.03
1748;synthetic;train;1333;20;58427;90061.07
1749;synthetic;train;3540;76;57121;380189.2
1750;synthetic;test;567;36;71412;102221.84
1751;synthetic;test;2129;30;34260;105135.66
1752;synthetic;train;227;25;66938;78672.71
1753;synthetic;train;916;84;8242;99822.42
1754;synthetic;train;2237;42;83331;196835.76
1755;synthetic;test;3373;46;63015;241381.38
1756;synthetic;train;2656;44;18488;147465.95
1757;synthetic;train;1628;21;46440;85271.35
1758;synthetic;test;2337;18;24942;69905.28
1759;synthetic;train;3127;32;19838;127829.02
1760;synthetic;test;2710;61;82616;284799.22
1761;synthetic;train;2887;84;57487;356287.72
1762;synthetic;test;1089;73;26481;123897.31
1763;synthetic;train;1105;70;88162;198534.43
1764;synthetic;test;1289;62;92240;202284.53
1765;synthetic;train;3035;1;66458;69724.64
1766;synthetic;train;645;72;6704;61082.26
1767;synthetic;test;3773;15;42016;102294.45
1768;synthetic;train;889;69;39350;118576.69
1769;synthetic;train;2829;6;45287;63373.45
1770;synthetic;train;3461;78;20869;335800.04
1771;synthetic;train;1498;35;56547;119230.05
1772;synthetic;train;2041;9;76267;97263.64
1773;synthetic;train;857;27;84070;116224.14
1774;synthetic;test;2620;34;91248;196651.03
1775;synthetic;train;1497;48;24598;106901.15
1776;synthetic;train;696;42;56302;96173.31
1777;synthetic;test;3062;33;89517;206888.49
1778;synthetic;train;2308;6;73910;89411.04
1779;synthetic;train;2184;33;46727;128455.91
1780;synthetic;test;1146;52;56695;132572.92
1781;synthetic;train;1699;24;39864;85697.62
1782;synthetic;train;1891;40;30929;116372.59
1783;synthetic;test;2211;20;50098;99346.65
1784;synthetic;train;461;40;78398;109316.54
1785;synthetic;train;3107;59;74565;293625.08
1786;synthetic;train;250;29;65425;79677.64
1787;synthetic;train;3042;49;85365;262652.66
1788;synthetic;train;1037;13;8638;22819.68
1789;synthetic;train;2214;56;28531;170891.47
1790;synthetic;train;2977;63;36013;253420.47
1791;synthetic;test;907;63;67141;146479.59
1792;synthetic;train;648;22;48597;67103.77
1793;synthetic;train;1942;14;94865;127266.85
1794;synthetic;train;1476;33;6053;58324.43
1795;synthetic;train;3327;20;98695;174406.07
1796;synthetic;train;1884;74;17912;181259.03
1797;synthetic;train;630;68;81966;150934.75
1798;synthetic;test;2063;3;94373;101550.23
1799;synthetic;train;1494;79;87074;248475.14
1800;synthetic;test;3235;58;67325;288963.68
1801;synthetic;train;2024;3;38786;45287.72
1802;synthetic;train;2776;69;55957;286078.36
1803;synthetic;test;2696;2;46841;52572.78
1804;synthetic;test;1929;75;31105;204526.52
1805;synthetic;train;873;30;17039;46415.66
1806;synthetic;train;2122;54;80112;221620.95
1807;synthetic;train;3693;7;24725;51505.71
1808;synthetic;train;1142;21;82729;113598.38
1809;synthetic;train;530;3;86057;88521.06
1810;synthetic;train;3653;20;33285;111247.58
1811;synthetic;train;1912;45;99088;208065.94
1812;synthetic;train;1535;2;42276;45643.68
1813;synthetic;test;2114;44;51229;159644.52
1814;synthetic;train;3505;68;25171;299469.71
1815;synthetic;train;1350;57;41034;134477.99
1816;synthetic;train;1627;15;25437;51804.98
1817;synthetic;test;2815;71;78471;325211.64
1818;synthetic;train;1169;12;15969;30955.28
1819;synthetic;test;1495;44;89291;174328.59
1820;synthetic;train;3415;1;70756;74418.24
1821;synthetic;train;1135;17;55504;78618.78
1822;synthetic;train;128;29;55222;64720.39
1823;synthetic;train;1033;50;46004;110621.36
1824;synthetic;train;3037;16;5710;56014.26
1825;synthetic;train;2012;22;70670;122039.0
1826;synthetic;train;354;49;98984;135386.68
1827;synthetic;train;353;26;84441;101675.17
1828;synthetic;train;2027;15;21313;53632.43
1829;synthetic;train;2906;73;36056;286495.16
1830;synthetic;train;1800;66;17692;155114.97
1831;synthetic;train;783;66;18666;81139.46
1832;synthetic;train;2929;42;99004;246104.89
1833;synthetic;train;125;80;22529;40877.51
1834;synthetic;train;133;61;53253;74248.57
1835;synthetic;test;3182;10;8078;40760.59
1836;synthetic;train;2155;75;40576;235967.27
1837;synthetic;train;3030;77;86969;378739.26
1838;synthetic;train;1932;59;52567;190128.57
1839;synthetic;train;2561;48;52509;195115.57
1840;synthetic;test;1659;55;75110;190491.31
1841;synthetic;test;3492;52;10052;210523.09
1842;synthetic;test;2232;27;2681;66092.35
1843;synthetic;train;275;50;94481;126570.21
1844;synthetic;train;1921;38;8866;88005.08
1845;synthetic;train;2566;5;84112;98482.11
1846;synthetic;train;3102;84;28428;338728.29
1847;synthetic;train;614;26;79952;103880.49
1848;synthetic;train;831;75;15418;90698.88
1849;synthetic;test;185;19;75409;83965.48
1850;synthetic;train;2288;30;65604;144794.98
1851;synthetic;train;2464;47;51405;185672.41
1852;synthetic;test;385;22;52770;65580.7
1853;synthetic;train;513;40;11694;35343.94
1854;synthetic;train;2991;9;9253;36905.98
1855;synthetic;train;2423;19;35141;85037.34
1856;synthetic;test;1194;19;76178;104607.67
1857;synthetic;test;2629;21;68685;130935.71
1858;synthetic;train;2711;46;57839;202388.01
1859;synthetic;train;3552;39;38541;192047.57
1860;synthetic;train;2048;71;70959;254166.81
1861;synthetic;train;285;39;73983;96124.03
1862;synthetic;train;850;84;80811;189388.81
1863;synthetic;train;3217;7;57967;82154.43
1864;synthetic;train;2005;53;85027;217832.97
1865;synthetic;test;1342;45;67949;144180.39
1866;synthetic;train;2862;65;33693;249857.44
1867;synthetic;test;3793;1;49246;53215.8
1868;synthetic;train;2313;6;45116;60066.69
1869;synthetic;train;2264;52;11902;142892.51
1870;synthetic;train;1054;21;63992;91587.89
1871;synthetic;test;1249;49;73103;152634.33
1872;synthetic;train;3029;16;90353;145154.5
1873;synthetic;train;629;2;4496;5790.32
1874;synthetic;train;763;74;20788;90720.82
1875;synthetic;train;2635;36;3994;105446.09
1876;synthetic;train;1687;3;47617;53189.58
1877;synthetic;train;2122;44;28253;133425.28
1878;synthetic;train;2912;51;25478;192318.89
1879;synthetic;train;1651;10;92332;112272.03
1880;synthetic;train;2861;25;67492;148055.84
1881;synthetic;train;2580;52;5405;153137.39
1882;synthetic;train;3338;81;97415;438395.15
1883;synthetic;train;3726;79;73908;433363.92
1884;synthetic;train;216;40;24515;37262.24
1885;synthetic;test;835;70;81252;168493.77
1886;synthetic;train;1983;62;12936;152676.14
1887;synthetic;train;843;73;45121;127301.89
1888;synthetic;train;2077;39;20216;109655.98
1889;synthetic;train;3140;64;68385;308953.41
1890;synthetic;test;1342;55;95326;195603.28
1891;synthetic;train;2469;42;27047;142584.02
1892;synthetic;train;1986;32;61127;135166.42
1893;synthetic;test;173;16;78694;85845.32
1894;synthetic;test;1446;37;54390;118546.74
1895;synthetic;train;1665;64;24535;149314.15
1896;synthetic;train;2882;18;37059;92896.87
1897;synthetic;train;2233;75;23255;220391.74
1898;synthetic;train;2232;6;7542;21243.22
1899;synthetic;train;2916;61;37647;243664.65
1900;synthetic;train;2367;32;27724;110896.28
1901;synthetic;train;1639;27;81505;135546.37
1902;synthetic;train;1564;27;53615;102912.17
1903;synthetic;test;2880;23;93955;170384.13
1904;synthetic;train;1761;56;95725;223918.14
1905;synthetic;train;1640;17;74779;107862.83
1906;synthetic;train;25;39;98000;112623.88
1907;synthetic;train;1574;58;52528;164576.19
1908;synthetic;train;815;27;52353;80336.91
1909;synthetic;train;396;35;41485;61333.43
1910;synthetic;train;3172;11;84270;123009.55
1911;synthetic;train;1559;55;55693;161128.85
1912;synthetic;test;1139;79;22446;132283.85
1913;synthetic;test;137;64;62146;86684.78
1914;synthetic;train;3384;39;1684;143074.98
1915;synthetic;train;76;37;24955;31222.29
1916;synthetic;train;3504;10;88082;126751.36
1917;synthetic;test;823;11;27457;37716.78
1918;synthetic;test;547;34;33046;56728.49
1919;synthetic;train;2010;46;99;100193.86
1920;synthetic;test;474;14;19472;27204.99
1921;synthetic;train;355;27;54967;70179.97
1922;synthetic;train;1173;28;46955;86020.63
1923;synthetic;train;2083;28;22182;85577.63
1924;synthetic;train;1555;3;49257;54447.38
1925;synthetic;train;3577;34;10830;141106.97
1926;synthetic;train;2686;11;19364;50229.52
1927;synthetic;train;556;75;98128;173390.52
1928;synthetic;train;2164;52;64546;199795.48
1929;synthetic;train;2319;46;98670;230455.33
1930;synthetic;train;2785;8;39194;62868.25
1931;synthetic;train;3703;34;20401;156367.81
1932;synthetic;test;3300;53;56257;258698.45
1933;synthetic;test;1596;11;38395;57737.57
1934;synthetic;train;1662;79;30727;190390.43
1935;synthetic;train;567;36;99707;134118.01
1936;synthetic;train;1832;32;66689;136144.79
1937;synthetic;train;2465;26;96791;172594.38
1938;synthetic;test;2253;5;40757;52818.98
1939;synthetic;train;3506;34;56781;190002.49
1940;synthetic;train;2327;60;87232;261301.94
1941;synthetic;train;566;44;53339;88614.02
1942;synthetic;train;579;57;11815;50683.99
1943;synthetic;train;1733;28;15498;67952.73
1944;synthetic;train;3124;21;25524;95435.3
1945;synthetic;train;3246;74;3447;277227.75
1946;synthetic;train;1055;60;77814;165189.2
1947;synthetic;train;3797;47;748;194368.24
1948;synthetic;train;3319;14;12079;60299.67
1949;synthetic;train;2561;51;5999;149694.64
1950;synthetic;train;643;50;25535;65195.38
1951;synthetic;train;2599;35;58815;162715.11
1952;synthetic;train;1804;31;34240;96969.36
1953;synthetic;train;2649;44;59430;194531.64
1954;synthetic;test;2193;18;91323;137708.36
1955;synthetic;train;2139;61;88191;252946.46
1956;synthetic;train;3513;57;78712;316011.65
1957;synthetic;test;1792;62;32158;163128.77
1958;synthetic;test;2704;8;91428;115853.73
1959;synthetic;train;929;56;1118;58629.39
1960;synthetic;train;591;83;83337;166438.86
1961;synthetic;train;845;11;81488;94009.18
1962;synthetic;train;3762;15;66395;127751.8
1963;synthetic;train;1077;63;41828;127197.7
1964;synthetic;train;476;28;53862;73113.95
1965;synthetic;train;3033;2;95770;102505.89
1966;synthetic;train;2468;74;93006;326405.12
1967;synthetic;train;583;8;77669;84499.01
1968;synthetic;train;713;13;46852;58411.54
1969;synthetic;test;3470;67;51788;325603.64
1970;synthetic;train;746;29;68850;98575.74
1971;synthetic;test;596;45;1180;30351.08
1972;synthetic;test;1235;21;68109;99946.39
1973;synthetic;train;3473;13;79727;129468.45
1974;synthetic;train;2492;82;91151;355083.42
1975;synthetic;train;382;63;59218;99849.73
1976;synthetic;train;429;22;92695;109544.28
1977;synthetic;test;2063;29;32045;98205.2
1978;synthetic;train;3183;24;15889;96867.92
1979;synthetic;train;2180;84;18331;235870.11
1980;synthetic;train;970;40;19981;64395.8
1981;synthetic;train;2473;22;12818;70332.67
1982;synthetic;train;992;79;93490;211385.43
1983;synthetic;train;1921;34;81953;161037.97
1984;synthetic;train;738;55;68005;126279.81
1985;synthetic;train;2698;19;71613;129292.56
1986;synthetic;train;2325;74;17439;217718.94
1987;synthetic;train;2331;70;27821;219165.33
1988;synthetic;train;2826;9;71810;99854.95
1989;synthetic;train;2303;17;6635;47367.84
1990;synthetic;train;2832;21;49745;115047.61
1991;synthetic;train;230;81;54889;93288.5
1992;synthetic;train;3540;14;20579;72377.51
1993;synthetic;train;2319;51;79087;222828.11
1994;synthetic;train;3526;70;14022;296099.1
1995;synthetic;train;1176;77;54896;174312.16
1996;synthetic;train;3294;48;4974;177560.94
1997;synthetic;train;1796;70;65512;224501.66
1998;synthetic;train;504;18;85438;100076.92
1999;synthetic;train;3721;64;9808;277982.1
2000;synthetic;train;2352;70;64020;266517.87
2001;synthetic;train;2257;40;24485;124696.23
2002;synthetic;train;1066;63;6981;83450.45
2003;synthetic;train;321;34;77442;98293.7
2004;synthetic;train;2496;50;53413;199091.92
2005;synthetic;train;420;28;7950;21072.19
2006;synthetic;train;2880;64;25809;237695.96
2007;synthetic;train;1113;27;88931;128786.19
2008;synthetic;train;1856;65;44883;190627.2
2009;synthetic;train;2653;45;27860;161362.46
2010;synthetic;train;3329;60;76934;315381.17
2011;synthetic;train;3602;21;9156;88296.92
2012;synthetic;train;2212;28;43578;112855.07
2013;synthetic;test;891;34;39325;76163.62
2014;synthetic;train;1332;63;59265;166604.74
2015;synthetic;train;1802;10;57073;77357.91
2016;synthetic;train;665;27;41491;64209.22
2017;synthetic;test;536;33;26693;48518.22
2018;synthetic;train;3229;73;456;267840.17
2019;synthetic;train;2289;54;37799;180873.76
2020;synthetic;train;1782;67;37796;181210.17
2021;synthetic;train;244;32;25389;36494.48
2022;synthetic;train;1454;20;14987;46138.02
2023;synthetic;train;3744;11;70610;115259.52
2024;synthetic;train;2726;52;91146;263378.86
2025;synthetic;train;18;26;18431;20586.38
2026;synthetic;test;2192;54;89791;237353.23
2027;synthetic;test;1442;20;92428;128659.98
2028;synthetic;train;2557;65;44498;241102.35
2029;synthetic;train;1700;33;74952;143047.0
2030;synthetic;train;800;82;17592;98660.21
2031;synthetic;train;1751;27;64253;119841.82
2032;synthetic;train;2586;78;78922;333001.91
2033;synthetic;train;944;18;88656;111669.17
2034;synthetic;test;1853;9;82497;101962.6
2035;synthetic;train;2464;3;78284;86510.84
2036;synthetic;train;2308;52;86494;234078.46
2037;synthetic;train;1883;39;61735;148836.38
2038;synthetic;train;751;13;84378;98102.26
2039;synthetic;train;819;43;26990;69066.46
2040;synthetic;train;875;51;80237;143794.86
2041;synthetic;train;1679;12;24447;46032.93
2042;synthetic;train;625;75;31953;94343.27
2043;synthetic;train;1420;6;44603;54122.48
2044;synthetic;test;3472;35;65125;202264.09
2045;synthetic;train;691;13;73163;85592.99
2046;synthetic;train;249;38;31670;46042.21
2047;synthetic;test;61;45;96402;114941.34
2048;synthetic;train;262;69;53918;88191.01
2049;synthetic;train;2749;9;86910;114709.37
2050;synthetic;train;43;77;65781;88773.35
2051;synthetic;train;1282;1;61096;62585.93
2052;synthetic;train;332;52;77315;110800.45
2053;synthetic;train;1015;21;22195;45915.75
2054;synthetic;train;854;10;24970;34513.07
2055;synthetic;train;2505;26;78092;153293.55
2056;synthetic;train;3113;64;53953;289166.87
2057;synthetic;train;1201;79;20526;135398.0
2058;synthetic;train;1765;39;74559;158515.42
2059;synthetic;train;2077;68;91909;274005.04
2060;synthetic;train;1484;74;16968;146432.43
2061;synthetic;train;3481;15;85027;143008.29
2062;synthetic;train;1482;82;12919;156926.41
2063;synthetic;train;1768;76;4747;159255.01
2064;synthetic;test;1007;8;32127;41171.57
2065;synthetic;train;1483;52;25768;114966.65
2066;synthetic;train;603;15;93841;107934.11
2067;synthetic;train;3622;19;19542;91975.97
2068;synthetic;train;205;81;70615;111551.66
2069;synthetic;train;2891;25;64095;145147.52
2070;synthetic;train;227;57;57966;84344.52
2071;synthetic;train;1259;60;64643;162677.5
2072;synthetic;test;1668;16;2356;29941.73
2073;synthetic;train;3563;24;30179;121855.93
2074;synthetic;train;2588;22;37575;99599.46
2075;synthetic;train;2702;51;65645;228223.65
2076;synthetic;train;17;38;47527;54623.38
2077;synthetic;train;2403;13;15949;48631.85
2078;synthetic;train;2897;57;81119;280194.04
2079;synthetic;train;1028;84;27283;135876.94
2080;synthetic;train;2473;14;91851;131731.69
2081;synthetic;test;1263;68;33125;138074.93
2082;synthetic;train;3005;39;6249;132463.31
2083;synthetic;train;723;58;19300;69740.25
2084;synthetic;train;1046;46;25305;81571.52
2085;synthetic;test;489;53;68890;110567.94
2086;synthetic;train;2785;80;12449;271945.21
2087;synthetic;test;1621;20;90111;129891.49
2088;synthetic;train;2051;9;69215;90088.76
2089;synthetic;train;163;24;72137;82213.92
2090;synthetic;train;1922;64;57119;207993.55
2091;synthetic;test;3203;48;5681;173646.29
2092;synthetic;train;270;66;3860;24769.69
2093;synthetic;train;1430;2;30334;33410.88
2094;synthetic;train;2261;15;46610;83829.29
2095;synthetic;train;3784;6;6366;29464.74
2096;synthetic;train;1030;70;40580;132549.34
2097;synthetic;train;2430;3;73508;81584.24
2098;synthetic;train;256;60;14792;35090.11
2099;synthetic;train;3262;25;18379;105153.33
2100;synthetic;test;1279;1;16512;17850.3
2101;synthetic;train;2274;26;35386;100444.04
2102;synthetic;train;3067;11;39589;75484.34
2103;synthetic;train;707;41;33175;69133.97
2104;synthetic;train;175;6;85234;88015.28
2105;synthetic;train;216;66;91603;130071.9
2106;synthetic;train;1770;27;77632;135016.22
2107;synthetic;train;3732;11;96437;141914.78
2108;synthetic;train;3586;12;5473;49671.82
2109;synthetic;train;2716;7;60081;80764.16
2110;synthetic;train;246;59;23170;44260.1
2111;synthetic;test;365;6;18856;21451.98
2112;synthetic;test;2054;7;80228;96689.79
2113;synthetic;train;2295;25;98660;167147.95
2114;synthetic;train;2502;57;17394;178325.62
2115;synthetic;train;2700;47;98459;252719.16
2116;synthetic;train;1816;57;34113;155408.49
2117;synthetic;train;152;11;86701;91639.37
2118;synthetic;train;2804;31;69783;169084.64
2119;synthetic;test;16;4;50723;51467.24
2120;synthetic;train;2374;79;75966;313673.99
2121;synthetic;test;977;69;49151;137744.57
2122;synthetic;train;3138;15;2622;51101.13
2123;synthetic;train;219;84;8054;31911.33
2124;synthetic;train;3569;62;14604;264119.41
2125;synthetic;train;3283;13;14330;58651.8
2126;synthetic;train;2186;25;29082;88687.51
2127;synthetic;train;741;52;2685;45329.06
2128;synthetic;train;931;47;48654;104334.55
2129;synthetic;train;2659;19;64788;121255.89
2130;synthetic;train;2887;33;25681;129528.63
2131;synthetic;train;2109;49;9410;123507.18
2132;synthetic;test;2147;13;56883;87968.84
2133;synthetic;train;3540;46;76151;265005.28
2134;synthetic;test;1176;78;81276;210271.38
2135;synthetic;train;3483;63;64939;324618.38
2136;synthetic;train;1995;78;84820;287926.44
2137;synthetic;train;1583;8;361;13226.19
2138;synthetic;train;887;6;21150;26960.98
2139;synthetic;train;416;83;9535;52402.05
2140;synthetic;train;2382;30;17421;94523.89
2141;synthetic;test;2664;82;79065;355448.55
2142;synthetic;train;3705;50;67358;281440.96
2143;synthetic;train;556;72;74790;140349.07
2144;synthetic;train;965;30;61089;97997.63
2145;synthetic;train;49;69;28059;39108.56
2146;synthetic;train;284;28;83577;100087.06
2147;synthetic;train;1042;46;81187;146498.12
2148;synthetic;train;128;64;28869;44866.29
2149;synthetic;train;2643;16;13900;58166.51
2150;synthetic;train;2995;68;98133;351977.48
2151;synthetic;train;2573;40;19483;132524.42
2152;synthetic;train;1121;55;34610;109331.96
2153;synthetic;train;1837;15;43935;74485.1
2154;synthetic;train;904;10;13194;22847.85
2155;synthetic;test;1969;31;9993;75484.54
2156;synthetic;train;1954;14;1544;29667.5
2157;synthetic;train;503;38;95411;128681.46
2158;synthetic;train;918;24;24265;49256.37
2159;synthetic;train;1349;61;32208;130845.01
2160;synthetic;train;2498;76;94619;338221.23
2161;synthetic;train;2139;60;91916;254515.36
2162;synthetic;train;2989;26;13202;95705.39
2163;synthetic;test;436;75;55622;108594.72
2164;synthetic;test;1126;30;28168;66708.13
2165;synthetic;train;3047;52;87943;277824.32
2166;synthetic;train;1146;40;12173;63018.71
2167;synthetic;train;3691;43;55301;234722.68
2168;synthetic;train;1571;23;94841;139999.35
2169;synthetic;train;1858;57;3731;121321.2
2170;synthetic;train;1048;68;8783;91117.87
2171;synthetic;train;385;69;30875;68756.48
2172;synthetic;train;1040;48;19492;77086.04
2173;synthetic;train;163;1;7931;8120.98
2174;synthetic;train;602;59;29795;75568.74
2175;synthetic;test;272;2;47708;48573.3
2176;synthetic;train;3192;29;6385;104375.59
2177;synthetic;test;866;42;18878;60811.26
2178;synthetic;train;3718;65;34458;313026.59
2179;synthetic;train;3615;28;14018;121649.28
2180;synthetic;train;3565;81;31266;372919.95
2181;synthetic;train;2260;15;64166;102268.47
2182;synthetic;train;2622;60;56874;243858.35
2183;synthetic;train;2675;47;81981;232177.38
2184;synthetic;train;682;41;41639;77735.26
2185;synthetic;train;2026;12;32383;58547.58
2186;synthetic;train;3625;9;63531;98636.14
2187;synthetic;test;2525;40;3361;112049.94
2188;synthetic;train;130;24;10251;14356.67
2189;synthetic;train;358;14;19072;25120.7
2190;synthetic;train;3186;54;3041;192424.76
2191;synthetic;train;2388;12;42105;73104.95
2192;synthetic;train;144;8;13259;14786.15
2193;synthetic;train;1646;39;35274;108822.35
2194;synthetic;train;2356;61;72874;248882.83
2195;synthetic;train;2200;46;49157;166827.0
2196;synthetic;train;904;41;1009;40934.13
2197;synthetic;train;3671;32;75630;208289.41
2198;synthetic;train;3635;42;86183;263237.83
2199;synthetic;train;1821;12;2647;25086.13
2200;synthetic;train;515;80;47511;109286.75
2201;synthetic;train;1212;38;25594;78220.54
2202;synthetic;train;3308;84;8491;332359.15
2203;synthetic;train;2731;29;4736;88500.79
2204;synthetic;train;3504;6;20590;42275.89
2205;synthetic;train;96;40;59962;72613.37
2206;synthetic;train;1218;7;11615;20529.19
2207;synthetic;train;3546;68;93691;388523.47
2208;synthetic;train;2017;46;78600;192028.75
2209;synthetic;train;2343;37;29189;125421.23
2210;synthetic;test;1844;6;19245;30826.93
2211;synthetic;train;2802;73;10178;244893.42
2212;synthetic;train;368;8;79158;84282.18
2213;synthetic;train;1182;28;1246;36112.36
2214;synthetic;test;3695;37;79745;235924.25
2215;synthetic;train;2689;12;80135;116375.58
2216;synthetic;test;2091;51;20031;140154.41
2217;synthetic;train;3218;79;40650;344127.47
2218;synthetic;test;351;72;88740;141369.76
2219;synthetic;train;1924;49;22303;128821.33
2220;synthetic;test;256;80;48296;86531.66
2221;synthetic;train;1044;59;2620;71360.5
2222;synthetic;train;303;21;45065;54928.54
2223;synthetic;train;1393;16;35135;59986.6
2224;synthetic;train;1268;45;56274;127021.09
2225;synthetic;test;3355;68;29234;293099.14
2226;synthetic;train;3430;44;18767;184525.53
2227;synthetic;train;1292;63;82178;192053.84
2228;synthetic;train;1421;14;19188;40501.71
2229;synthetic;train;393;59;50300;86874.63
2230;synthetic;test;1714;57;82867;207932.94
2231;synthetic;train;3022;12;58963;98424.66
2232;synthetic;test;3353;66;32941;288925.69
2233;synthetic;train;1492;75;3286;131531.41
2234;synthetic;train;1996;10;89459;112815.71
2235;synthetic;train;147;2;32894;33409.13
2236;synthetic;train;760;42;29957;68766.11
2237;synthetic;train;1354;48;56060;136357.35
2238;synthetic;train;3552;41;56423;220965.63
2239;synthetic;train;2576;15;66696;109796.35
2240;synthetic;test;3275;27;17834;112183.77
2241;synthetic;train;1315;24;58515;96289.36
2242;synthetic;test;3282;51;12551;197600.9
2243;synthetic;train;1195;58;33032;116642.42
2244;synthetic;train;2228;59;32917;185544.21
2245;synthetic;train;2460;34;13505;103825.6
2246;synthetic;train;1414;38;238;57642.66
2247;synthetic;train;3392;45;3630;169152.0
2248;synthetic;train;3298;72;1204;270294.92
2249;synthetic;train;620;31;50725;76517.41
2250;synthetic;train;2757;36;61172;174574.95
2251;synthetic;train;38;56;91540;112635.15
2252;synthetic;train;1999;39;29712;117214.3
2253;synthetic;train;3626;3;28674;39912.38
2254;synthetic;train;527;73;48261;105150.59
2255;synthetic;train;3505;56;55683;283208.99
2256;synthetic;train;1966;18;56205;96204.63
2257;synthetic;train;2603;82;54898;317938.81
2258;synthetic;test;3567;80;52255;395690.86
2259;synthetic;test;1669;12;26851;48412.25
2260;synthetic;train;3340;12;39706;82282.8
2261;synthetic;train;2654;21;97411;162285.66
2262;synthetic;train;2468;3;24717;32418.47
2263;synthetic;train;2813;73;92693;351008.67
2264;synthetic;train;3234;7;72969;97630.59
2265;synthetic;train;418;7;69196;73792.09
2266;synthetic;train;1817;55;85149;212098.55
2267;synthetic;test;261;45;83443;109613.85
2268;synthetic;train;1673;44;49785;137041.57
2269;synthetic;train;3447;5;87799;106680.22
2270;synthetic;test;3102;69;41229;292876.91
2271;synthetic;train;1960;31;25171;92017.58
2272;synthetic;train;3326;43;72335;237475.57
2273;synthetic;train;383;67;65885;111135.88
2274;synthetic;train;3790;12;54004;102681.76
2275;synthetic;test;1942;46;5438;103030.29
2276;synthetic;train;1797;26;61735;116198.47
2277;synthetic;train;881;37;62003;104873.78
2278;synthetic;test;243;67;71574;107720.44
2279;synthetic;test;217;6;85029;88061.08
2280;synthetic;test;1076;73;49925;152711.94
2281;synthetic;train;1300;23;65901;102268.81
2282;synthetic;test;416;34;34585;53728.21
2283;synthetic;train;585;30;52866;76902.91
2284;synthetic;train;2574;8;87240;110497.02
2285;synthetic;train;3338;59;92429;330448.6
2286;synthetic;train;1626;70;72727;220186.73
2287;synthetic;train;2137;16;55760;93986.49
2288;synthetic;test;3425;83;44807;387019.03
2289;synthetic;train;942;63;7594;75500.7
2290;synthetic;train;574;48;99021;146095.49
2291;synthetic;train;1249;38;32234;87256.91
2292;synthetic;train;1673;1;59472;61348.82
2293;synthetic;train;2265;27;26403;92978.25
2294;synthetic;test;2894;16;4706;52601.43
2295;synthetic;train;153;75;36436;59820.96
2296;synthetic;train;386;74;14862;51454.2
2297;synthetic;test;1279;2;67908;70932.28
2298;synthetic;train;2657;64;26304;222376.29
2299;synthetic;train;1246;79;82164;219642.74
2300;synthetic;train;141;59;81274;108112.74
2301;synthetic;train;2125;54;99;126034.45
2302;synthetic;train;114;3;15897;16400.79
2303;synthetic;train;3765;54;78229;316722.57
2304;synthetic;train;1123;79;19891;127512.41
2305;synthetic;train;3428;3;2044;12417.22
2306;synthetic;train;299;67;25749;54659.74
2307;synthetic;train;1714;40;78956;163652.09
2308;synthetic;train;1325;1;38648;40106.24
2309;synthetic;train;1095;62;75133;167876.46
2310;synthetic;train;349;67;7049;35048.08
2311;synthetic;test;2354;33;30125;115866.33
2312;synthetic;test;1836;27;79387;138803.79
2313;synthetic;test;3673;69;43921;340626.88
2314;synthetic;train;1912;38;79354;167629.6
2315;synthetic;train;2098;40;40950;136691.42
2316;synthetic;train;1425;47;68900;153182.3
2317;synthetic;train;1642;68;82672;229172.92
2318;synthetic;train;1630;77;17304;165652.52
2319;synthetic;train;3542;25;56430;153816.97
2320;synthetic;train;1077;38;34006;82288.89
2321;synthetic;train;2679;7;83833;104813.49
2322;synthetic;train;3434;48;54728;243230.83
2323;synthetic;train;2659;17;74973;125920.18
2324;synthetic;train;830;57;30558;89121.95
2325;synthetic;test;2835;67;20864;239215.34
2326;synthetic;train;2346;42;29404;139740.95
2327;synthetic;test;2235;84;247;217292.99
2328;synthetic;train;3636;72;52937;363578.97
2329;synthetic;train;2318;32;12913;92763.78
2330;synthetic;test;2171;69;23111;197749.44
2331;synthetic;train;2724;63;75830;284762.16
2332;synthetic;test;1292;33;41621;91592.31
2333;synthetic;train;3245;76;41403;334395.46
2334;synthetic;train;3685;48;38506;237284.56
2335;synthetic;train;2;52;64487;76783.57
2336;synthetic;test;3679;61;2967;252868.77
2337;synthetic;train;2155;63;49656;212535.16
2338;synthetic;train;1631;69;61137;203636.14
2339;synthetic;train;2589;39;27807;139656.16
2340;synthetic;train;1972;81;60267;262549.39
2341;synthetic;test;2687;11;98794;132632.18
2342;synthetic;train;929;82;44576;146292.39
2343;synthetic;train;3491;75;75537;394841.65
2344;synthetic;test;3482;52;84878;298916.48
2345;synthetic;test;654;6;54335;59400.85
2346;synthetic;train;3077;65;52790;289193.51
2347;synthetic;train;1979;52;86824;215762.27
2348;synthetic;train;3198;10;59574;94162.07
2349;synthetic;train;1447;68;50596;174046.68
2350;synthetic;train;3767;37;67911;225379.31
2351;synthetic;train;412;79;15352;57257.48
2352;synthetic;train;1437;71;96742;237805.43
2353;synthetic;train;1840;41;4872;86547.56
2354;synthetic;train;3719;2;2608;10100.65
2355;synthetic;train;1799;1;16438;18297.79
2356;synthetic;train;2385;60;29817;195056.56
2357;synthetic;train;3022;52;22829;198987.37
2358;synthetic;train;2707;50;81212;243421.05
2359;synthetic;train;586;20;30358;44586.24
2360;synthetic;train;1297;75;73254;204695.23
2361;synthetic;train;2067;46;88589;206159.62
2362;synthetic;train;1697;19;13690;47923.1
2363;synthetic;train;1254;55;47095;132365.05
2364;synthetic;train;1602;41;97488;182230.18
2365;synthetic;train;3791;14;11444;66409.98
2366;synthetic;train;928;72;45951;134017.65
2367;synthetic;train;3281;55;55320;264785.23
2368;synthetic;train;1069;29;14771;48867.92
2369;synthetic;train;1973;24;29247;81055.09
2370;synthetic;test;150;68;93927;129244.09
2371;synthetic;train;1893;46;92585;202153.11
2372;synthetic;train;1943;53;42809;163872.23
2373;synthetic;train;1954;44;71107;175062.91
2374;synthetic;train;2295;43;7584;115022.16
2375;synthetic;train;3437;75;18444;316955.38
2376;synthetic;train;1114;82;32106;147380.73
2377;synthetic;test;3086;67;86074;339583.58
2378;synthetic;train;60;41;56551;67458.03
2379;synthetic;train;3181;19;30677;95173.78
2380;synthetic;train;683;65;99888;173653.95
2381;synthetic;test;533;20;30705;43859.24
2382;synthetic;test;3378;38;28193;169054.63
2383;synthetic;train;1224;51;38702;114008.03
2384;synthetic;test;533;69;42223;94532.32
2385;synthetic;train;975;62;74528;158855.94
2386;synthetic;train;589;7;4541;8826.36
2387;synthetic;train;2909;53;79203;263369.8
2388;synthetic;train;2380;34;58956;151836.71
2389;synthetic;train;2745;34;91514;201456.14
2390;synthetic;train;3418;68;99227;385681.52
2391;synthetic;train;1483;10;48421;65164.09
2392;synthetic;train;2834;66;38852;257917.95
2393;synthetic;test;1111;38;80389;136303.85
2394;synthetic;train;230;28;22988;31993.73
2395;synthetic;train;3062;40;8680;141139.76
2396;synthetic;train;994;4;47556;52202.5
2397;synthetic;test;3791;48;86946;299640.38
2398;synthetic;train;2821;75;31101;280636.64
2399;synthetic;train;3614;21;43832;125744.31
2400;synthetic;train;2588;25;26445;96319.08
2401;synthetic;train;494;1;50121;50783.72
2402;synthetic;train;3749;19;44016;120542.44
2403;synthetic;test;3555;65;400;258896.3
2404;synthetic;train;1902;13;24702;51104.8
2405;synthetic;train;936;52;19895;76879.01
2406;synthetic;train;957;19;35688;56818.77
2407;synthetic;train;2492;34;32751;126531.02
2408;synthetic;train;1966;52;1535;113621.21
2409;synthetic;train;3382;77;60256;375168.98
2410;synthetic;train;2183;59;44086;196197.75
2411;synthetic;train;1388;30;15974;61513.43
2412;synthetic;train;3196;27;28440;121551.42
2413;synthetic;train;3664;43;62181;241410.73
2414;synthetic;train;932;24;72834;102213.9
2415;synthetic;test;1713;13;83552;110041.51
2416;synthetic;train;1530;57;34127;137444.83
2417;synthetic;train;2130;66;88517;267733.58
2418;synthetic;train;787;57;91464;160045.86
2419;synthetic;train;2442;13;18977;52312.7
2420;synthetic;test;770;9;75374;84712.14
2421;synthetic;train;3667;44;59886;243377.19
2422;synthetic;train;2940;35;47246;162395.92
2423;synthetic;train;2238;26;6181;67620.31
2424;synthetic;test;2157;70;7322;179550.87
2425;synthetic;train;823;23;80455;106559.76
2426;synthetic;train;1917;45;64526;168163.71
2427;synthetic;train;1050;60;3021;73534.59
2428;synthetic;train;432;69;65821;116374.32
2429;synthetic;train;670;37;5180;32283.43
2430;synthetic;train;2553;64;27840;216846.65
2431;synthetic;train;1330;20;38933;69163.34
2432;synthetic;train;1034;21;43021;68663.17
2433;synthetic;train;3264;65;29733;274160.99
2434;synthetic;train;3582;18;91074;163252.88
2435;synthetic;train;1175;46;20315;82179.03
2436;synthetic;train;2895;27;87257;177380.4
2437;synthetic;train;315;43;15853;32878.09
2438;synthetic;train;3378;36;67448;205439.48
2439;synthetic;train;3341;45;5729;169110.25
2440;synthetic;train;838;18;91419;112633.15
2441;synthetic;train;3451;41;89002;253863.06
2442;synthetic;train;934;58;39193;107389.73
2443;synthetic;train;913;22;41981;66044.04
2444;synthetic;train;1290;18;33414;59446.07
2445;synthetic;train;488;82;38000;96006.94
2446;synthetic;train;408;49;88312;125703.33
2447;synthetic;train;1367;72;61083;189022.06
2448;synthetic;train;2809;25;3693;77364.19
2449;synthetic;train;1314;78;79068;219719.59
2450;synthetic;train;2979;74;37327;298127.26
2451;synthetic;train;1223;78;57152;183190.5
2452;synthetic;train;1132;24;87728;123351.43
2453;synthetic;train;202;6;73786;76500.29
2454;synthetic;train;5;15;99064;104211.48
2455;synthetic;train;1617;62;48705;171396.98
2456;synthetic;train;344;16;76110;85934.84
2457;synthetic;train;359;50;34801;60663.36
2458;synthetic;train;1407;80;60594;208257.52
2459;synthetic;train;2337;30;38141;115997.15
2460;synthetic;train;2605;4;23730;34555.11
2461;synthetic;train;2281;53;9225;143434.01
2462;synthetic;train;2993;46;23771;176725.46
2463;synthetic;train;2857;84;42358;333367.04
2464;synthetic;train;1077;26;59260;93913.48
2465;synthetic;train;180;41;2477;10759.43
2466;synthetic;train;146;37;74552;90078.72
2467;synthetic;train;3356;8;24406;52318.35
2468;synthetic;train;1602;49;98706;201590.24
2469;synthetic;train;2600;46;6083;136543.98
2470;synthetic;train;307;13;66079;73085.78
2471;synthetic;train;1258;21;67009;99267.85
2472;synthetic;train;3098;37;88186;221925.66
2473;synthetic;test;2789;61;86760;295227.71
2474;synthetic;train;698;64;95774;168375.21
2475;synthetic;train;3770;49;75436;289774.77
2476;synthetic;train;3376;72;89780;389208.6
2477;synthetic;test;3162;33;73027;191978.23
2478;synthetic;test;1559;68;81025;220763.5
2479;synthetic;train;3551;50;47521;249621.22
2480;synthetic;train;629;54;56641;105062.45
2481;synthetic;train;1956;57;85104;225851.54
2482;synthetic;train;564;37;72231;103939.45
2483;synthetic;train;3114;66;79936;329793.92
2484;synthetic;train;3249;81;60807;382173.58
2485;synthetic;test;945;48;70962;132518.05
2486;synthetic;train;382;64;54421;94630.15
2487;synthetic;test;3557;18;90691;162381.7
2488;synthetic;test;1702;49;66000;168422.67
2489;synthetic;test;2200;76;16729;212104.38
2490;synthetic;train;2773;82;22012;290789.25
2491;synthetic;test;969;40;72474;124319.79
2492;synthetic;train;3644;67;79402;373196.51
2493;synthetic;train;1676;55;21119;126684.02
2494;synthetic;train;1759;16;2712;31815.17
2495;synthetic;train;3254;68;51076;312767.67
2496;synthetic;train;55;8;11177;11925.21
2497;synthetic;train;2724;18;25017;77175.74
2498;synthetic;test;3272;74;76306;372616.19
2499;synthetic;train;1176;49;20027;86266.41
2500;synthetic;train;3260;8;74441;102923.66
2501;synthetic;test;1943;64;45074;194589.88
2502;synthetic;train;600;64;63108;120954.11
2503;synthetic;test;1765;32;34381;97940.38
2504;synthetic;train;1828;22;28236;72174.93
2505;synthetic;test;1056;2;92785;95527.17
2506;synthetic;train;898;14;15117;28728.83
2507;synthetic;train;3755;41;32692;202697.87
2508;synthetic;train;1534;8;31367;44670.81
2509;synthetic;train;945;68;5841;79555.94
2510;synthetic;train;1616;67;83360;225674.67
2511;synthetic;train;1947;19;33698;74148.56
2512;synthetic;train;844;56;29264;87300.07
2513;synthetic;train;2396;56;93988;260979.58
2514;synthetic;train;1407;81;40072;183492.37
2515;synthetic;train;2586;56;81782;257988.66
2516;synthetic;train;1782;67;35534;178383.19
2517;synthetic;train;1866;42;70446;165266.62
2518;synthetic;test;2349;7;80907;99477.53
2519;synthetic;train;2880;9;96184;125464.13
2520;synthetic;train;2510;8;49140;70849.36
2521;synthetic;train;3177;24;93298;180562.76
2522;synthetic;test;1589;19;35645;69189.3
2523;synthetic;train;1994;58;92786;240319.47
2524;synthetic;train;740;81;52770;138006.32
2525;synthetic;train;485;78;34900;88508.81
2526;synthetic;train;2358;59;1340;155605.7
2527;synthetic;test;841;58;32477;93284.25
2528;synthetic;train;35;2;82645;83267.24
2529;synthetic;train;583;9;56233;63277.9
2530;synthetic;train;451;55;54410;92603.51
2531;synthetic;train;2465;42;77836;200811.08
2532;synthetic;test;2450;35;1537;92821.7
2533;synthetic;test;1039;12;1558;14362.96
2534;synthetic;train;1038;18;7674;27434.72
2535;synthetic;test;1187;43;17820;75526.23
2536;synthetic;test;1037;2;5040;7158.04
2537;synthetic;train;598;39;66610;100785.49
2538;synthetic;train;2995;53;61685;247465.83
2539;synthetic;train;3555;22;79817;167158.92
2540;synthetic;train;3560;48;84056;284207.17
2541;synthetic;train;522;74;56407;116030.21
2542;synthetic;test;841;6;71993;78550.1
2543;synthetic;train;1637;27;39026;89017.33
2544;synthetic;train;3765;36;7877;153112.32
2545;synthetic;train;1063;13;68583;85760.88
2546;synthetic;train;3041;71;63288;324112.37
2547;synthetic;train;2920;36;62775;182626.29
2548;synthetic;train;406;46;55747;85183.34
2549;synthetic;train;118;47;72294;90546.67
2550;synthetic;train;1396;46;28607;102846.31
2551;synthetic;test;1028;11;32784;45543.01
2552;synthetic;train;3052;79;63563;358905.87
2553;synthetic;train;2372;52;47591;191465.26
2554;synthetic;train;1607;53;78440;186868.5
2555;synthetic;train;1572;48;47018;137114.24
2556;synthetic;test;1084;25;7877;36866.61
2557;synthetic;test;1671;60;68559;194865.21
2558;synthetic;train;3745;4;76066;92190.55
2559;synthetic;train;3021;37;28298;151153.7
2560;synthetic;train;1356;58;86217;191467.57
2561;synthetic;train;2442;44;65263;191459.5
2562;synthetic;train;268;52;4214;20249.87
2563;synthetic;test;3644;75;50834;376191.2
2564;synthetic;train;1421;62;63758;176380.43
2565;synthetic;train;2680;44;23626;154553.24
2566;synthetic;train;278;24;52900;64255.49
2567;synthetic;train;1611;43;27770;106640.51
2568;synthetic;train;3563;31;84616;210356.29
2569;synthetic;train;1485;38;60387;128780.52
2570;synthetic;test;999;19;37919;60020.48
2571;synthetic;train;3056;13;43754;86355.85
2572;synthetic;test;2554;60;43441;222933.36
2573;synthetic;train;309;2;46997;47931.93
2574;synthetic;train;3078;3;88748;98934.14
2575;synthetic;train;2568;1;34371;37062.13
2576;synthetic;train;837;80;55478;149247.69
2577;synthetic;train;1231;24;56381;91875.72
2578;synthetic;test;19;22;16541;18231.83
2579;synthetic;train;2356;57;46704;204578.66
2580;synthetic;train;532;32;84290;111754.73
2581;synthetic;train;774;14;11152;22794.71
2582;synthetic;train;3103;11;58162;95153.81
2583;synthetic;test;3796;54;41231;274278.04
2584;synthetic;test;785;1;15556;16395.47
2585;synthetic;train;3621;13;1998;50272.48
2586;synthetic;train;3101;36;35699;159038.18
2587;synthetic;train;2726;44;91460;235266.96
2588;synthetic;test;1776;60;87887;225449.2
2589;synthetic;train;1761;24;97445;149617.71
2590;synthetic;train;861;4;57815;62062.53
2591;synthetic;train;3750;8;84940;117685.18
2592;synthetic;train;3155;79;42156;340384.35
2593;synthetic;train;968;44;14245;62435.73
2594;synthetic;train;3202;56;48333;255670.26
2595;synthetic;train;1960;60;52317;194258.01
2596;synthetic;train;3191;78;94979;407788.11
2597;synthetic;train;2356;63;31106;203770.15
2598;synthetic;train;144;34;87171;102805.95
2599;synthetic;test;507;46;19231;47655.83
2600;synthetic;train;1631;13;73475;98427.76
2601;synthetic;train;3079;64;70488;307197.42
2602;synthetic;train;893;45;10478;55592.66
2603;synthetic;train;1422;43;66850;142980.8
2604;synthetic;train;367;69;45890;86248.68
2605;synthetic;train;3348;45;54702;226334.95
2606;synthetic;test;2631;69;15762;224242.68
2607;synthetic;test;1942;3;47453;53794.04
2608;synthetic;test;3091;73;28352;291984.91
2609;synthetic;train;1468;47;39591;121102.51
2610;synthetic;train;676;26;40406;62447.07
2611;synthetic;test;1971;78;54485;246460.07
2612;synthetic;test;1471;56;77306;183844.5
2613;synthetic;test;1635;42;21783;98873.79
2614;synthetic;train;3286;73;17491;294277.2
2615;synthetic;train;1314;23;92295;131097.51
2616;synthetic;test;247;18;31491;38024.45
2617;synthetic;train;2128;21;53662;103909.79
2618;synthetic;test;2839;70;9906;236660.7
2619;synthetic;train;527;8;90994;97728.74
2620;synthetic;test;2477;45;79092;212312.74
2621;synthetic;train;2227;20;51017;100660.32
2622;synthetic;train;2672;4;60634;72223.87
2623;synthetic;train;1888;6;26355;38347.4
2624;synthetic;train;1704;29;29006;83910.19
2625;synthetic;train;2466;34;49770;144651.27
2626;synthetic;train;3033;8;35990;61591.81
2627;synthetic;train;277;78;18565;48777.5
2628;synthetic;train;3115;17;32405;88863.33
2629;synthetic;train;2311;70;17781;204912.61
2630;synthetic;train;809;75;32196;110356.09
2631;synthetic;train;797;63;9113;67193.91
2632;synthetic;train;3294;74;85652;386420.89
2633;synthetic;train;1122;10;42542;55409.28
2634;synthetic;train;1271;81;63170;201071.74
2635;synthetic;train;3588;64;71492;344805.14
2636;synthetic;train;425;6;4649;7322.68
2637;synthetic;train;2254;17;98908;144153.01
2638;synthetic;train;504;80;66764;133402.45
2639;synthetic;train;402;5;39597;42291.54
2640;synthetic;train;1288;27;52856;94271.78
2641;synthetic;train;492;11;69480;77591.95
2642;synthetic;test;3763;24;93193;195114.29
2643;synthetic;train;1310;29;9035;49900.33
2644;synthetic;test;1608;42;66377;148938.07
2645;synthetic;train;601;16;43209;55465.05
2646;synthetic;test;264;13;62908;69202.36
2647;synthetic;train;3624;49;14498;210260.85
2648;synthetic;test;3765;44;71685;261688.15
2649;synthetic;train;748;49;7636;48864.2
2650;synthetic;train;2377;17;90952;137888.81
2651;synthetic;train;208;55;13939;29313.38
2652;synthetic;test;2611;42;96749;229153.33
2653;synthetic;train;2476;32;8734;93459.09
2654;synthetic;train;2263;38;5251;97779.3
2655;synthetic;train;2208;18;23422;65894.51
2656;synthetic;train;34;32;21827;25429.57
2657;synthetic;train;272;37;22013;35625.0
2658;synthetic;train;509;40;6324;29037.92
2659;synthetic;test;3763;40;99627;275077.31
2660;synthetic;train;3349;83;54273;392219.02
2661;synthetic;train;1607;61;8068;118750.11
2662;synthetic;train;3192;28;741;94641.65
2663;synthetic;test;903;21;1412;21188.21
2664;synthetic;train;2540;8;84670;107581.56
2665;synthetic;train;1722;61;33966;158267.58
2666;synthetic;test;501;16;64588;76367.09
2667;synthetic;train;2721;23;35711;103700.19
2668;synthetic;train;3591;72;41304;345129.2
2669;synthetic;train;915;26;53839;83595.64
2670;synthetic;train;2153;16;6583;42383.48
2671;synthetic;train;1882;67;15246;160545.95
2672;synthetic;train;1551;14;24213;47632.52
2673;synthetic;train;2326;25;26378;89404.71
2674;synthetic;train;3783;15;18928;78178.8
2675;synthetic;train;3533;47;4300;185068.26
2676;synthetic;train;1614;48;25319;113846.53
2677;synthetic;train;2083;55;25061;156023.09
2678;synthetic;train;3087;39;96347;238467.79
2679;synthetic;train;333;28;72127;88959.16
2680;synthetic;test;3400;19;98026;171221.16
2681;synthetic;test;734;35;31488;62668.89
2682;synthetic;train;1612;76;73255;233965.05
2683;synthetic;train;3026;22;94690;171066.93
2684;synthetic;train;1655;55;69772;183839.3
2685;synthetic;train;2519;51;48003;197129.7
2686;synthetic;train;2461;77;38977;266709.28
2687;synthetic;train;1941;16;35506;69398.51
2688;synthetic;train;2933;54;21114;199064.17
2689;synthetic;train;2075;69;12402;176817.74
2690;synthetic;test;235;33;65655;81486.32
2691;synthetic;train;1190;69;84684;198998.07
2692;synthetic;train;2023;32;4171;73061.9
2693;synthetic;train;3121;76;44239;327306.81
2694;synthetic;train;1962;64;69537;226216.86
2695;synthetic;train;514;57;92465;144092.68
2696;synthetic;train;2852;41;52316;185456.98
2697;synthetic;test;987;56;24149;89954.66
2698;synthetic;train;1299;23;33532;67301.09
2699;synthetic;train;1393;7;71752;83324.94
2700;synthetic;train;1675;80;18088;177391.94
2701;synthetic;train;2542;16;54717;99553.15
2702;synthetic;train;1865;38;65471;149968.23
2703;synthetic;train;3147;27;84966;182004.9
2704;synthetic;train;702;25;31067;52093.34
2705;synthetic;train;3622;10;39511;77738.69
2706;synthetic;train;1612;68;48590;184143.1
2707;synthetic;train;3673;63;70366;344650.59
2708;synthetic;train;2861;14;44905;88116.55
2709;synthetic;train;2227;18;11877;53989.87
2710;synthetic;train;515;67;65688;120813.65
2711;synthetic;train;1068;62;69522;159117.41
2712;synthetic;train;3102;77;88224;386690.33
2713;synthetic;test;687;65;39286;98708.33
2714;synthetic;train;1531;55;60219;164871.15
2715;synthetic;train;1594;84;17482;177860.41
2716;synthetic;train;368;3;81424;83352.34
2717;synthetic;train;1545;37;64921;134362.15
2718;synthetic;train;1654;49;5845;95054.81
2719;synthetic;train;593;79;45069;112292.02
2720;synthetic;test;636;32;33479;58751.81
2721;synthetic;train;1041;25;72927;106437.09
2722;synthetic;train;405;27;46795;62654.59
2723;synthetic;train;2052;74;92323;290567.63
2724;synthetic;train;1130;46;2235;58867.73
2725;synthetic;train;2344;13;7324;38840.39
2726;synthetic;train;2552;15;47738;89498.26
2727;synthetic;test;383;63;76482;121210.66
2728;synthetic;train;2184;71;43680;230527.69
2729;synthetic;train;708;13;21927;32318.05
2730;synthetic;train;761;28;21434;45896.64
2731;synthetic;train;2246;13;62180;94817.48
2732;synthetic;train;1269;58;51292;143532.01
2733;synthetic;test;3439;37;29504;169003.58
2734;synthetic;train;2238;56;43924;190917.61
2735;synthetic;train;2126;40;30584;126049.52
2736;synthetic;train;1191;77;67534;191959.95
2737;synthetic;test;362;81;71200;126937.86
2738;synthetic;train;190;62;58962;85578.21
2739;synthetic;train;3478;42;51858;216674.98
2740;synthetic;train;1195;28;61792;102953.26
2741;synthetic;train;3145;75;77081;367298.84
2742;synthetic;train;2317;43;33960;146474.56
2743;synthetic;train;2917;27;26787;111848.08
2744;synthetic;train;3297;50;35422;221491.2
2745;synthetic;train;3287;81;31798;347728.52
2746;synthetic;train;1981;41;70165;167589.69
2747;synthetic;train;3613;47;79821;277451.81
2748;synthetic;train;2263;75;40459;245032.8
2749;synthetic;train;1463;36;99651;168379.62
2750;synthetic;train;2323;13;4089;35182.91
2751;synthetic;train;1971;68;47927;210752.13
2752;synthetic;train;2128;68;51634;227400.84
2753;synthetic;train;3452;54;73114;292053.94
2754;synthetic;train;2969;53;5006;178344.89
2755;synthetic;train;1624;12;51033;73027.61
2756;synthetic;train;544;43;34384;64863.88
2757;synthetic;train;77;11;50305;53044.71
2758;synthetic;train;299;72;75870;120777.68
2759;synthetic;train;2695;15;79571;125163.69
2760;synthetic;train;2411;33;41;84281.86
2761;synthetic;train;2010;67;3348;155299.35
2762;synthetic;train;199;33;51157;64047.68
2763;synthetic;test;1802;36;25521;97801.63
2764;synthetic;train;227;3;9881;10665.68
2765;synthetic;test;2623;67;43509;251577.92
2766;synthetic;train;294;35;98565;121671.8
2767;synthetic;train;949;42;53783;104699.86
2768;synthetic;train;1253;37;47174;102773.31
2769;synthetic;train;1801;61;58087;193169.3
2770;synthetic;train;202;1;41069;41408.57
2771;synthetic;test;3449;4;7108;21114.6
2772;synthetic;train;2581;38;23063;130895.12
2773;synthetic;train;788;56;52378;111696.01
2774;synthetic;train;2425;24;52637;117701.54
2775;synthetic;train;3268;27;39636;135837.34
2776;synthetic;train;622;54;3251;40747.34
2777;synthetic;test;945;60;1940;65230.09
2778;synthetic;train;3758;34;39870;180152.28
2779;synthetic;train;2038;54;45955;175762.49
2780;synthetic;train;3360;81;20035;339124.31
2781;synthetic;train;2685;26;99567;181605.98
2782;synthetic;train;962;25;71424;102740.77
2783;synthetic;train;2998;11;55556;91272.29
2784;synthetic;train;1313;52;55673;140854.23
2785;synthetic;train;3746;79;65399;424106.48
2786;synthetic;train;2581;76;18349;247192.35
2787;synthetic;train;2757;65;12738;216210.06
2788;synthetic;train;3348;59;34713;260864.62
2789;synthetic;train;1840;42;91880;188741.89
2790;synthetic;test;3683;68;65221;363295.51
2791;synthetic;train;395;77;13391;52026.81
2792;synthetic;train;633;6;94775;100528.93
2793;synthetic;train;1874;20;8077;47452.8
2794;synthetic;train;1565;61;99457;227862.44
2795;synthetic;train;2098;51;83589;215858.48
2796;synthetic;train;3426;24;99190;193176.14
2797;synthetic;train;1972;79;11748;193762.11
2798;synthetic;train;370;75;67257;117896.28
2799;synthetic;train;665;76;10236;70783.05
2800;synthetic;train;2592;18;7059;55656.48
2801;synthetic;train;3063;72;10581;263059.66
2802;synthetic;train;353;52;2870;23485.5
2803;synthetic;train;2835;77;75108;346271.49
2804;synthetic;train;876;16;68060;86201.84
2805;synthetic;test;234;46;44881;63955.94
2806;synthetic;train;2829;18;76233;133504.3
2807;synthetic;train;2657;21;35669;96139.92
2808;synthetic;train;250;38;26060;39716.58
2809;synthetic;test;431;48;56755;89054.13
2810;synthetic;train;326;16;8260;14078.0
2811;synthetic;train;2580;29;7116;86517.05
2812;synthetic;train;727;82;25575;102253.89
2813;synthetic;train;2601;40;18173;132227.9
2814;synthetic;train;1168;2;74699;77545.52
2815;synthetic;train;1270;42;15281;74916.06
2816;synthetic;train;3132;19;56628;121855.94
2817;synthetic;train;3316;60;60321;294231.94
2818;synthetic;train;3374;15;96356;153268.67
2819;synthetic;test;2115;35;25578;107376.58
2820;synthetic;train;2830;83;69011;361949.04
2821;synthetic;train;124;40;73232;88972.68
2822;synthetic;train;1510;65;70729;197565.12
2823;synthetic;train;255;47;17187;33091.51
2824;synthetic;test;1848;33;80690;154621.9
2825;synthetic;train;3298;39;53700;198712.15
2826;synthetic;train;2379;56;63537;223242.4
2827;synthetic;train;2975;83;82813;394026.1
2828;synthetic;train;511;41;46129;75357.34
2829;synthetic;train;1933;45;71801;177391.99
2830;synthetic;train;1599;23;45759;87683.57
2831;synthetic;train;3247;27;2078;94154.24
2832;synthetic;test;3709;17;60285;128772.42
2833;synthetic;train;3040;24;34026;112934.16
2834;synthetic;train;1065;13;15294;30142.55
2835;synthetic;train;709;39;53076;90006.08
2836;synthetic;train;60;72;67591;90780.31
2837;synthetic;train;268;71;3048;25359.98
2838;synthetic;train;2130;40;50214;148645.82
2839;synthetic;train;3633;78;27901;360259.77
2840;synthetic;train;2202;81;72886;300490.47
2841;synthetic;test;3373;37;28313;165053.47
2842;synthetic;test;1940;69;92882;267582.45
2843;synthetic;test;2606;60;51182;235844.11
2844;synthetic;train;1214;36;49771;102612.39
2845;synthetic;train;3098;47;79308;250607.75
2846;synthetic;train;103;64;50707;70101.53
2847;synthetic;test;3793;40;47851;217215.3
2848;synthetic;train;484;68;70153;124962.44
2849;synthetic;test;3277;8;21160;48343.21
2850;synthetic;train;3332;4;50820;64940.44
2851;synthetic;train;1538;79;85674;250636.47
2852;synthetic;train;3407;25;58751;152814.08
2853;synthetic;test;2660;82;734;252164.15
2854;synthetic;train;3712;30;12827;131477.09
2855;synthetic;train;2338;66;12975;189014.71
2856;synthetic;train;154;76;93371;133579.66
2857;synthetic;train;593;76;90980;168526.27
2858;synthetic;train;3790;19;57879;136115.74
2859;synthetic;train;3778;76;60475;405123.57
2860;synthetic;train;749;8;25917;32698.8
2861;synthetic;test;248;17;7492;12272.8
2862;synthetic;test;2896;50;51789;218970.22
2863;synthetic;train;3076;35;40296;159644.13
2864;synthetic;train;786;38;17451;51695.07
2865;synthetic;train;2239;84;53304;287850.01
2866;synthetic;train;1136;58;82001;172255.99
2867;synthetic;test;1792;22;71386;117779.45
2868;synthetic;test;711;84;31781;111052.35
2869;synthetic;train;1331;62;1221;93305.46
2870;synthetic;test;770;11;39106;49205.32
2871;synthetic;train;2103;16;34426;70926.11
2872;synthetic;train;2934;79;1427;267406.24
2873;synthetic;train;2384;3;52036;59757.88
2874;synthetic;train;3341;68;23272;284553.01
2875;synthetic;train;982;66;81974;174709.64
2876;synthetic;train;1067;1;44446;45664.71
2877;synthetic;test;2354;38;93476;201589.3
2878;synthetic;train;3091;67;2028;234921.1
2879;synthetic;train;3243;64;39695;280812.43
2880;synthetic;train;2240;70;90623;291256.03
2881;synthetic;train;2093;4;61854;71124.86
2882;synthetic;train;2584;5;81731;96152.07
2883;synthetic;train;765;75;55096;135993.51
2884;synthetic;train;1224;5;1786;7997.43
2885;synthetic;train;2817;32;84006;188722.44
2886;synthetic;train;875;78;94158;200119.86
2887;synthetic;train;386;55;93972;136181.97
2888;synthetic;test;1227;6;87549;96763.01
2889;synthetic;train;1801;3;84025;90307.15
2890;synthetic;train;2579;6;25867;42044.21
2891;synthetic;test;69;81;2494;9691.0
2892;synthetic;train;3024;43;58273;207265.97
2893;synthetic;test;3084;76;12742;283541.05
2894;synthetic;train;67;11;68251;71547.57
2895;synthetic;train;2160;8;23429;41602.33
2896;synthetic;test;2041;62;34340;182985.3
2897;synthetic;train;3608;84;76604;451562.49
2898;synthetic;train;1726;74;72790;238181.0
2899;synthetic;train;1974;38;83232;174546.04
2900;synthetic;test;2116;16;99982;140281.2
2901;synthetic;test;259;59;65595;96737.59
2902;synthetic;test;2227;5;49260;61333.34
2903;synthetic;train;3391;21;69156;148042.76
2904;synthetic;train;3263;80;51614;366943.21
2905;synthetic;test;1192;59;48616;136999.16
2906;synthetic;train;2382;63;71029;254830.42
2907;synthetic;train;922;64;54185;132918.35
2908;synthetic;train;3536;56;89181;325480.57
2909;synthetic;train;3719;84;74471;459517.1
2910;synthetic;train;2269;10;38612;63028.72
2911;synthetic;test;1806;66;58877;206859.44
2912;synthetic;train;1668;13;71581;96942.43
2913;synthetic;train;1641;4;28400;35399.45
2914;synthetic;train;3341;10;40614;76016.98
2915;synthetic;test;1945;8;16563;32805.08
2916;synthetic;train;3573;50;21034;219537.99
2917;synthetic;train;644;36;72360;106240.26
2918;synthetic;train;2775;17;72563;125402.14
2919;synthetic;train;3405;20;2620;73334.9
2920;synthetic;train;3643;44;77646;262798.56
2921;synthetic;test;1216;26;22507;57620.12
2922;synthetic;train;824;40;10578;47397.13
2923;synthetic;train;3199;43;91528;253740.38
2924;synthetic;train;1908;26;51491;108048.2
2925;synthetic;train;586;70;72014;137172.39
2926;synthetic;train;559;49;53799;93127.54
2927;synthetic;train;763;11;76030;87427.44
2928;synthetic;test;1003;44;24771;76282.73
2929;synthetic;train;2482;5;35934;49071.55
2930;synthetic;train;2078;37;61239;151219.16
2931;synthetic;train;685;38;75652;113643.51
2932;synthetic;train;1267;14;84775;107005.97
2933;synthetic;train;2957;58;79801;286281.02
2934;synthetic;test;2959;63;50943;270569.08
2935;synthetic;train;73;51;27313;36429.42
2936;synthetic;train;2938;40;90528;229326.97
2937;synthetic;train;2263;47;91923;222807.21
2938;synthetic;train;1805;32;37151;102374.51
2939;synthetic;test;3325;64;16343;257776.07
2940;synthetic;train;1871;32;64670;135217.99
2941;synthetic;train;198;60;74249;103828.72
2942;synthetic;train;861;13;62754;76986.09
2943;synthetic;test;976;80;77524;190780.26
2944;synthetic;test;3629;45;93849;285469.49
2945;synthetic;test;53;25;223;1626.31
2946;synthetic;test;2574;43;28767;152383.22
2947;synthetic;test;1158;55;18031;91659.88
2948;synthetic;train;1955;52;23998;139702.45
2949;synthetic;test;868;30;59221;92868.25
2950;synthetic;train;966;32;54344;93122.64
2951;synthetic;train;709;48;13810;53164.01
2952;synthetic;test;541;20;28651;41829.61
2953;synthetic;test;113;81;30813;50868.66
2954;synthetic;train;3057;76;80064;367897.56
2955;synthetic;test;3159;9;37200;67240.08
2956;synthetic;train;2835;49;565;151798.66
2957;synthetic;train;2155;68;82874;268637.71
2958;synthetic;train;1458;20;30955;63287.82
2959;synthetic;train;1126;30;30178;68929.15
2960;synthetic;train;1737;4;27520;34894.86
2961;synthetic;train;1195;13;87792;107575.71
2962;synthetic;test;2566;77;56158;298138.87
2963;synthetic;train;416;76;45806;95021.0
2964;synthetic;train;2600;33;49428;146004.75
2965;synthetic;test;1859;24;55472;106607.51
2966;synthetic;train;2788;2;13091;18782.33
2967;synthetic;train;3200;48;97367;281055.79
2968;synthetic;train;2297;55;89902;246824.74
2969;synthetic;train;2509;28;52798;131705.72
2970;synthetic;train;895;29;68028;102214.37
2971;synthetic;train;566;57;58406;106189.07
2972;synthetic;train;1171;4;70463;76130.37
2973;synthetic;train;3133;62;42091;267832.28
2974;synthetic;train;2483;35;35826;132573.3
2975;synthetic;test;1243;18;96936;126016.01
2976;synthetic;test;2531;15;86504;129924.92
2977;synthetic;test;574;50;16553;50827.43
2978;synthetic;train;1372;56;99913;204978.22
2979;synthetic;train;3769;76;23547;356789.29
2980;synthetic;train;355;77;92315;150485.05
2981;synthetic;test;1058;2;64790;67349.24
2982;synthetic;train;289;4;93715;96136.46
2983;synthetic;train;1883;10;65457;86850.63
2984;synthetic;train;1402;46;89887;174561.73
2985;synthetic;train;903;55;82850;154081.53
2986;synthetic;train;1610;82;44831;210938.33
2987;synthetic;train;1744;75;63592;230437.13
2988;synthetic;train;3301;67;71237;337204.74
2989;synthetic;train;917;34;86445;129865.82
2990;synthetic;train;2340;24;32735;94017.6
2991;synthetic;train;2948;15;11210;57201.51
2992;synthetic;train;2907;25;76542;159092.16
2993;synthetic;train;2027;84;52492;266195.82
2994;synthetic;train;3296;72;21198;295539.17
2995;synthetic;train;3785;63;10721;278956.85
2996;synthetic;train;22;23;1624;2279.93
2997;synthetic;test;1358;84;47892;195167.96
2998;synthetic;train;90;42;21910;29260.26
2999;synthetic;train;3253;8;77056;105552.37
3000;synthetic;test;1694;2;67314;71168.47
3001;synthetic;test;1729;65;61808;202408.13
3002;synthetic;train;2991;39;793;125667.21
3003;synthetic;train;496;39;39747;65945.0
3004;synthetic;test;3018;35;86019;208858.62
3005;synthetic;train;713;33;75631;109320.73
3006;synthetic;train;471;27;75186;95582.23
3007;synthetic;train;2238;66;51573;229699.99
3008;synthetic;train;3264;74;97456;398999.43
3009;synthetic;train;463;50;11426;38723.8
3010;synthetic;train;869;26;64615;94094.19
3011;synthetic;test;1638;73;29854;173637.61
3012;synthetic;test;2345;65;98031;292153.12
3013;synthetic;train;932;62;8477;74703.38
3014;synthetic;train;2065;35;95855;184475.62
3015;synthetic;train;2938;78;85057;372356.06
3016;synthetic;train;1560;62;3046;111343.69
3017;synthetic;train;2119;4;72419;81936.29
3018;synthetic;train;3673;58;83994;337249.34
3019;synthetic;train;890;84;55076;159237.01
3020;synthetic;train;2562;65;63959;265626.26
3021;synthetic;test;1205;52;65397;146273.89
3022;synthetic;train;3257;41;50180;200829.48
3023;synthetic;test;1912;10;9005;28783.77
3024;synthetic;train;77;56;41886;55214.26
3025;synthetic;train;3289;59;14143;231979.53
3026;synthetic;test;380;31;92095;114532.74
3027;synthetic;train;184;16;2963;6153.85
3028;synthetic;train;1571;84;68372;242930.35
3029;synthetic;train;1875;13;35552;62075.19
3030;synthetic;train;1993;24;70506;126244.95
3031;synthetic;train;3724;18;25225;95977.46
3032;synthetic;train;479;61;46172;89013.63
3033;synthetic;train;1078;19;7049;28687.66
3034;synthetic;train;1809;58;23503;144431.11
3035;synthetic;train;6;40;67575;77453.28
3036;synthetic;test;1310;22;15429;46551.94
3037;synthetic;train;2835;73;76975;332789.45
3038;synthetic;train;1969;61;39692;182015.32
3039;synthetic;train;93;31;70374;81063.59
3040;synthetic;train;2459;84;99750;370632.29
3041;synthetic;test;921;1;27424;28439.48
3042;synthetic;train;3329;69;9875;271066.4
3043;synthetic;train;609;48;66059;109249.22
3044;synthetic;train;3732;64;21185;292845.46
3045;synthetic;train;141;54;55376;74632.15
3046;synthetic;train;3502;49;50124;245692.7
3047;synthetic;test;1153;8;87635;99362.83
3048;synthetic;train;3139;14;70389;118806.63
3049;synthetic;train;1383;37;84867;150532.41
3050;synthetic;test;3199;17;30761;88595.23
3051;synthetic;train;3121;78;7906;288664.75
3052;synthetic;train;3167;42;59031;210881.79
3053;synthetic;test;286;58;67791;100550.96
3054;synthetic;train;2518;67;94606;307543.52
3055;synthetic;train;3229;63;98127;347714.71
3056;synthetic;train;2563;57;54206;226661.51
3057;synthetic;train;2922;6;50576;69333.66
3058;synthetic;train;1616;77;7256;151439.13
3059;synthetic;test;2446;16;88356;133451.52
3060;synthetic;train;3237;20;87171;160224.61
3061;synthetic;train;1887;82;72982;274080.23
3062;synthetic;train;130;18;40360;45266.98
3063;synthetic;train;803;12;97805;111637.1
3064;synthetic;train;3302;37;21502;154549.8
3065;synthetic;test;690;77;33146;103485.2
3066;synthetic;train;47;34;45434;52571.43
3067;synthetic;train;2367;29;92302;173838.09
3068;synthetic;test;2445;83;36702;282496.56
3069;synthetic;test;2476;31;69992;158587.56
3070;synthetic;train;2833;28;93768;186200.65
3071;synthetic;train;3257;76;21780;310164.94
3072;synthetic;test;2727;9;10551;35827.51
3073;synthetic;test;3698;13;86414;139445.24
3074;synthetic;train;1637;26;7349;52544.73
3075;synthetic;test;2565;61;46702;230979.09
3076;synthetic;test;3077;28;55168;151003.41
3077;synthetic;train;1089;49;13602;74065.5
3078;synthetic;train;1809;47;55654;157262.21
3079;synthetic;train;1697;55;51219;164099.12
3080;synthetic;train;1076;19;64772;90138.93
3081;synthetic;train;3566;64;63859;333788.57
3082;synthetic;train;3501;76;50647;368474.02
3083;synthetic;test;415;54;62285;99137.02
3084;synthetic;train;1053;72;86996;196361.96
3085;synthetic;train;1257;41;19514;77676.92
3086;synthetic;train;677;23;36579;55698.0
3087;synthetic;train;1037;13;44720;60496.89
3088;synthetic;test;2369;28;53355;128201.85
3089;synthetic;train;1030;60;64851;147698.41
3090;synthetic;test;3648;5;85314;105168.63
3091;synthetic;train;1293;6;68975;78215.07
3092;synthetic;train;652;15;97966;113025.18
3093;synthetic;train;839;46;20066;65159.29
3094;synthetic;train;471;1;1604;2081.92
3095;synthetic;train;1800;37;3895;75397.13
3096;synthetic;test;1328;23;57132;93472.69
3097;synthetic;train;3780;59;91840;358593.9
3098;synthetic;train;730;19;75081;94323.23
3099;synthetic;train;1178;72;46370;154923.39
3100;synthetic;train;763;71;55046;130926.64
3101;synthetic;train;3050;38;12624;138078.45
3102;synthetic;train;2587;11;66329;97834.51
3103;synthetic;train;1583;67;87010;227755.35
3104;synthetic;train;1548;75;11090;146326.35
3105;synthetic;test;407;84;57430;115462.23
3106;synthetic;train;1712;14;28900;54854.21
3107;synthetic;train;2607;70;91644;321521.76
3108;synthetic;train;1549;39;16329;83205.71
3109;synthetic;train;315;37;57925;77938.42
3110;synthetic;train;396;35;64156;86804.86
3111;synthetic;test;3081;79;34034;323122.56
3112;synthetic;train;1488;74;69327;213747.72
3113;synthetic;train;1040;58;15751;85749.65
3114;synthetic;train;1706;26;99265;154644.77
3115;synthetic;train;132;72;28124;46495.44
3116;synthetic;train;137;56;67804;90141.22
3117;synthetic;test;540;4;11136;13463.29
3118;synthetic;test;1553;12;70305;92214.1
3119;synthetic;train;294;67;87464;131413.55
3120;synthetic;train;2724;80;93924;372671.66
3121;synthetic;train;176;29;76007;89075.03
3122;synthetic;train;1290;62;77430;184149.81
3123;synthetic;train;3788;28;34787;149531.83
3124;synthetic;train;92;24;28053;32687.81
3125;synthetic;train;1721;36;85658;162489.36
3126;synthetic;test;2940;62;521;203424.52
3127;synthetic;train;1792;62;24456;153661.89
3128;synthetic;train;1614;62;79454;208985.24
3129;synthetic;train;3247;37;39995;173296.77
3130;synthetic;train;1454;57;41955;142129.79
3131;synthetic;test;1520;15;47849;73715.67
3132;synthetic;test;901;45;88867;147034.03
3133;synthetic;test;2947;41;97751;241714.11
3134;synthetic;train;3724;38;76351;237743.11
3135;synthetic;train;1300;74;37359;157052.43
3136;synthetic;train;981;12;84264;99727.24
3137;synthetic;train;1128;69;8644;98513.71
3138;synthetic;test;1903;36;43882;122368.67
3139;synthetic;train;635;7;34641;39962.08
3140;synthetic;test;1786;67;46245;192070.26
3141;synthetic;test;934;23;61190;88419.97
3142;synthetic;test;1655;76;43977;199986.3
3143;synthetic;test;2154;6;19379;32845.45
3144;synthetic;test;3230;29;42101;144869.02
3145;synthetic;train;2243;5;50661;62838.65
3146;synthetic;test;1315;13;41834;61182.75
3147;synthetic;train;1697;16;54307;85211.19
3148;synthetic;test;2835;23;96654;172220.39
3149;synthetic;train;2327;65;7016;177851.18
3150;synthetic;train;2916;29;71015;167136.71
3151;synthetic;train;3056;22;25928;97767.82
3152;synthetic;train;226;51;77404;104304.2
3153;synthetic;train;1558;14;31646;55520.47
3154;synthetic;test;1530;77;12402;150527.74
3155;synthetic;train;1304;54;23667;105594.03
3156;synthetic;train;3361;77;38011;344580.92
3157;synthetic;train;2834;64;68180;286837.61
3158;synthetic;train;708;5;34722;38880.13
3159;synthetic;train;498;25;63834;82376.0
3160;synthetic;train;2237;18;1771;43445.83
3161;synthetic;test;857;39;77914;124459.73
3162;synthetic;train;1387;25;55135;96136.59
3163;synthetic;train;272;19;3643;9224.54
3164;synthetic;train;1997;38;58255;147135.32
3165;synthetic;train;2345;34;86889;181853.91
3166;synthetic;train;3489;10;92013;130662.6
3167;synthetic;test;747;21;52980;73090.07
3168;synthetic;train;111;31;19459;25204.39
3169;synthetic;train;1833;69;92413;258679.14
3170;synthetic;train;806;46;47442;95420.64
3171;synthetic;train;1577;54;98944;211866.5
3172;synthetic;train;1539;6;91597;102786.6
3173;synthetic;train;3542;28;50166;159181.56
3174;synthetic;test;3277;43;48120;207266.37
3175;synthetic;test;3503;70;50732;340622.65
3176;synthetic;train;613;37;67646;100686.23
3177;synthetic;train;1035;46;65882;128312.96
3178;synthetic;train;323;48;73756;103369.35
3179;synthetic;train;814;47;70942;124433.68
3180;synthetic;train;168;55;25974;41347.35
3181;synthetic;train;1509;55;440;91755.6
3182;synthetic;train;63;38;94977;110336.08
3183;synthetic;train;23;67;7499;11101.21
3184;synthetic;train;1857;37;46809;126182.19
3185;synthetic;train;311;64;27566;56328.34
3186;synthetic;train;2929;56;55129;247025.18
3187;synthetic;test;1172;55;99765;190656.43
3188;synthetic;train;3507;77;21970;336689.9
3189;synthetic;train;2224;34;96695;188471.55
3190;synthetic;train;3610;73;16273;319541.23
3191;synthetic;train;1211;60;74960;172081.61
3192;synthetic;test;1331;12;13691;30571.13
3193;synthetic;train;2601;39;49108;164409.66
3194;synthetic;test;3098;2;75453;82183.88
3195;synthetic;train;1042;79;95539;218575.84
3196;synthetic;train;1908;27;23318;79501.13
3197;synthetic;train;689;84;18753;91686.91
3198;synthetic;train;1696;41;67918;152473.73
3199;synthetic;test;3202;47;75800;251805.67
3200;synthetic;train;2153;37;15775;102756.03
3201;synthetic;train;793;37;4606;36485.33
3202;synthetic;train;1202;39;47264;103953.28
3203;synthetic;train;3096;82;72968;388235.07
3204;synthetic;test;302;35;72991;93236.19
3205;synthetic;train;2259;39;43625;143900.87
3206;synthetic;train;1542;49;17878;103248.19
3207;synthetic;test;1966;18;68097;108830.74
3208;synthetic;test;3286;43;38758;196880.88
3209;synthetic;train;3574;56;42803;271945.09
3210;synthetic;train;109;2;22148;22514.99
3211;synthetic;train;898;61;50061;122163.09
3212;synthetic;test;3799;46;90312;294404.41
3213;synthetic;train;2099;31;71455;147877.94
3214;synthetic;train;1707;24;47323;93977.04
3215;synthetic;test;2526;32;70403;163748.72
3216;synthetic;train;3726;35;29523;171708.39
3217;synthetic;train;1528;71;17892;145240.65
3218;synthetic;train;3699;35;84162;232092.89
3219;synthetic;train;2989;66;90898;334206.9
3220;synthetic;train;702;50;9900;49944.87
3221;synthetic;train;1137;4;68229;73729.31
3222;synthetic;train;2309;63;17622;183841.28
3223;synthetic;test;1262;57;82655;179259.82
3224;synthetic;train;3365;7;40253;65072.83
3225;synthetic;train;40;69;12297;18578.86
3226;synthetic;train;3124;14;1537;46455.66
3227;synthetic;train;3339;37;42498;179756.19
3228;synthetic;train;2457;24;69080;136312.48
3229;synthetic;train;1630;23;39484;81651.65
3230;synthetic;train;23;26;59145;65115.96
3231;synthetic;train;524;10;65592;73148.54
3232;synthetic;train;1627;12;74784;97783.04
3233;synthetic;train;2946;3;20169;29268.42
3234;synthetic;train;1407;62;7403;106146.13
3235;synthetic;train;3061;27;12532;100327.75
3236;synthetic;train;3280;8;12957;39943.25
3237;synthetic;train;3608;44;46305;224854.35
3238;synthetic;test;2611;53;61356;224779.19
3239;synthetic;train;88;47;27871;37074.06
3240;synthetic;train;3069;43;12377;156393.12
3241;synthetic;train;3367;24;27144;113663.47
3242;synthetic;train;3557;66;85952;370039.44
3243;synthetic;train;2516;77;11527;236077.26
3244;synthetic;train;2279;25;39842;102809.47
3245;synthetic;train;903;18;44253;63763.33
3246;synthetic;train;3489;54;34935;248551.48
3247;synthetic;train;1646;45;24453;108439.84
3248;synthetic;train;1980;59;24317;158884.3
3249;synthetic;train;2220;60;51931;211081.93
3250;synthetic;train;1109;47;79324;149267.81
3251;synthetic;train;843;49;68043;125034.3
3252;synthetic;test;1221;33;88886;141862.96
3253;synthetic;test;1381;51;14973;94630.99
3254;synthetic;train;3518;51;76037;285969.41
3255;synthetic;train;2290;30;34030;109969.31
3256;synthetic;test;2664;73;12764;236768.53
3257;synthetic;train;3212;70;10905;267372.35
3258;synthetic;train;411;59;84281;129402.83
3259;synthetic;train;1496;54;99972;208297.22
3260;synthetic;test;1226;19;99162;129720.5
3261;synthetic;train;1065;40;44211;96146.9
3262;synthetic;train;1988;23;67903;120902.75
3263;synthetic;train;2629;17;48091;96947.98
3264;synthetic;train;217;19;98722;109428.75
3265;synthetic;test;1924;53;88879;217725.27
3266;synthetic;test;2712;67;71205;292882.79
3267;synthetic;train;1895;54;28849;146815.6
3268;synthetic;train;3383;16;88410;148932.41
3269;synthetic;train;3337;12;71017;114832.65
3270;synthetic;train;3760;49;34034;240506.99
3271;synthetic;train;3341;44;12169;172662.87
3272;synthetic;train;947;58;45537;115917.4
3273;synthetic;train;823;68;12057;78025.27
3274;synthetic;train;832;40;3952;40170.54
3275;synthetic;train;1472;77;94118;251011.09
3276;synthetic;train;3313;28;6487;104505.6
3277;synthetic;train;3096;32;74883;188010.75
3278;synthetic;train;452;57;58639;99303.62
3279;synthetic;train;3497;9;40792;74034.45
3280;synthetic;train;3761;33;65804;204844.85
3281;synthetic;train;611;62;27576;76038.27
3282;synthetic;train;2174;74;66105;267282.61
3283;synthetic;train;1802;16;34135;65664.43
3284;synthetic;train;3227;19;65630;133311.88
3285;synthetic;train;1842;27;71667;130527.85
3286;synthetic;train;1376;25;52925;93447.62
3287;synthetic;test;2879;73;62979;318586.69
3288;synthetic;train;2515;67;26924;222730.82
3289;synthetic;train;953;41;63103;114261.5
3290;synthetic;train;2454;13;78061;114168.51
3291;synthetic;train;1382;74;72436;208815.75
3292;synthetic;train;3735;54;52750;284450.15
3293;synthetic;train;713;34;85835;121826.9
3294;synthetic;train;1451;5;24513;32252.15
3295;synthetic;test;2261;53;98383;248627.87
3296;synthetic;train;3548;45;55451;236929.87
3297;synthetic;train;3042;5;59518;75879.38
3298;synthetic;test;1801;66;80036;232845.88
3299;synthetic;train;2491;56;69113;236866.64
3300;synthetic;train;2204;20;28452;76065.95
3301;synthetic;train;2818;52;23791;188530.69
3302;synthetic;train;3335;83;62608;401864.98
3303;synthetic;train;865;79;23668;109074.03
3304;synthetic;train;1643;73;52068;202373.86
3305;synthetic;test;923;7;36090;43488.29
3306;synthetic;test;2553;61;22294;200264.66
3307;synthetic;train;603;59;15907;58733.15
3308;synthetic;train;244;41;57091;76173.32
3309;synthetic;train;926;18;23566;42226.69
3310;synthetic;train;1302;1;1175;2485.26
3311;synthetic;train;1407;2;31825;34865.6
3312;synthetic;train;2207;3;61783;69068.13
3313;synthetic;train;2360;49;62666;199576.09
3314;synthetic;train;3075;6;16882;35888.91
3315;synthetic;train;1204;58;87281;183017.66
3316;synthetic;train;3490;49;41011;234326.01
3317;synthetic;train;1565;6;46510;56948.15
3318;synthetic;train;1948;18;76795;117731.21
3319;synthetic;train;3085;26;91401;183583.2
3320;synthetic;train;406;77;76808;134932.49
3321;synthetic;train;850;55;31074;88702.31
3322;synthetic;train;3038;14;24491;69269.81
3323;synthetic;train;1167;17;33280;55661.87
3324;synthetic;train;2289;54;55393;201931.3
3325;synthetic;train;720;18;91940;110993.78
3326;synthetic;train;955;9;45399;55518.8
3327;synthetic;train;26;29;85495;94949.92
3328;synthetic;train;1016;60;48981;127389.93
3329;synthetic;train;1350;56;59550;154990.26
3330;synthetic;train;1209;19;91682;121418.31
3331;synthetic;train;639;81;47115;121196.43
3332;synthetic;train;3787;30;56551;182161.64
3333;synthetic;test;2337;29;21815;95294.7
3334;synthetic;train;1977;56;26142;153399.61
3335;synthetic;train;2914;54;16663;192611.1
3336;synthetic;test;3566;4;65373;80632.27
3337;synthetic;train;1670;55;77403;193909.84
3338;synthetic;test;2611;55;84089;258827.29
3339;synthetic;test;2667;69;40284;257891.25
3340;synthetic;train;770;20;61211;81374.12
3341;synthetic;test;2020;7;20436;35247.42
3342;synthetic;train;3676;62;75498;346347.49
3343;synthetic;train;748;6;29126;34254.05
3344;synthetic;train;3256;43;78463;241304.92
3345;synthetic;test;1849;42;60085;152583.82
3346;synthetic;test;3643;37;59576;211061.62
3347;synthetic;train;3493;32;83994;211572.91
3348;synthetic;train;2033;74;46781;230712.15
3349;synthetic;train;2392;28;63501;140014.78
3350;synthetic;train;1239;52;78877;164233.94
3351;synthetic;test;1652;37;32210;101585.1
3352;synthetic;train;2775;50;51644;212205.63
3353;synthetic;test;97;10;745;1758.17
3354;synthetic;train;3230;72;6792;271854.24
3355;synthetic;train;176;66;52480;78382.2
3356;synthetic;test;1173;52;23646;94815.69
3357;synthetic;train;753;31;89573;123937.42
3358;synthetic;test;2915;16;56172;107227.68
3359;synthetic;train;3361;80;76299;408155.43
3360;synthetic;train;489;21;21861;34097.39
3361;synthetic;train;572;15;31623;42053.96
3362;synthetic;train;2110;34;42082;123205.64
3363;synthetic;train;933;13;99890;116722.03
3364;synthetic;train;2276;20;80999;133720.76
3365;synthetic;train;3156;82;15911;318943.12
3366;synthetic;train;2431;83;80667;339107.17
3367;synthetic;train;856;76;42169;128449.62
3368;synthetic;test;1857;47;77140;184831.87
3369;synthetic;train;457;46;81682;117947.7
3370;synthetic;train;2084;24;5628;58250.17
3371;synthetic;train;2087;60;54963;205936.83
3372;synthetic;train;3721;51;50823;267393.79
3373;synthetic;train;210;47;16862;30418.3
3374;synthetic;train;2753;14;90670;134513.78
3375;synthetic;train;1147;37;14491;61627.25
3376;synthetic;test;800;78;28369;108142.46
3377;synthetic;train;1949;83;62358;268820.23
3378;synthetic;train;158;31;38685;48057.06
3379;synthetic;train;1049;21;50318;76815.14
3380;synthetic;train;1432;25;41298;82274.26
3381;synthetic;train;1305;20;45275;75423.94
3382;synthetic;test;3580;43;59756;234723.08
3383;synthetic;train;3740;52;22332;239225.44
3384;synthetic;test;1514;41;47478;121037.32
3385;synthetic;train;568;9;35000;41262.07
3386;synthetic;train;3474;61;84172;338462.59
3387;synthetic;train;662;35;58135;89930.44
3388;synthetic;train;1650;36;35979;103767.7
3389;synthetic;train;196;73;93308;135188.21
3390;synthetic;train;307;35;51783;69594.32
3391;synthetic;train;2978;83;41631;340030.55
3392;synthetic;test;2845;79;83030;365491.31
3393;synthetic;train;1103;69;41223;137559.62
3394;synthetic;test;66;64;83541;108085.49
3395;synthetic;train;1305;38;36436;94297.49
3396;synthetic;train;444;84;2261;46092.26
3397;synthetic;train;2111;2;68938;73641.49
3398;synthetic;train;3423;55;60617;279730.78
3399;synthetic;train;3146;82;86183;410317.92
3400;synthetic;train;879;48;81881;141887.39
3401;synthetic;train;1119;57;2280;73106.83
3402;synthetic;train;3333;52;74312;277881.43
3403;synthetic;train;3136;19;45054;109605.08
3404;synthetic;train;3262;14;82247;132995.83
3405;synthetic;train;1094;49;50999;118352.46
3406;synthetic;test;2608;71;34898;253419.48
3407;synthetic;train;652;36;61215;93983.31
3408;synthetic;test;2851;64;33996;245754.33
3409;synthetic;train;3556;7;11670;37171.15
3410;synthetic;train;94;78;18012;31735.68
3411;synthetic;test;2285;69;76670;273990.18
3412;synthetic;train;3605;5;40707;59596.05
3413;synthetic;train;1923;59;62263;201340.28
3414;synthetic;test;2127;26;10647;69470.35
3415;synthetic;train;1640;22;55430;97136.21
3416;synthetic;train;3029;47;58304;222531.55
3417;synthetic;train;159;55;43948;62387.29
3418;synthetic;test;470;18;78075;91627.65
3419;synthetic;train;3483;43;97658;273964.27
3420;synthetic;train;684;26;93007;120019.55
3421;synthetic;train;665;56;21950;67450.59
3422;synthetic;train;1258;41;35999;96615.83
3423;synthetic;train;3323;82;50004;379503.25
3424;synthetic;train;1995;5;23420;33888.14
3425;synthetic;train;151;72;22739;41200.88
3426;synthetic;train;1294;71;71329;194147.64
3427;synthetic;train;2361;4;56296;66573.34
3428;synthetic;test;2131;27;74493;141797.4
3429;synthetic;train;3531;22;33118;116364.07
3430;synthetic;train;1224;71;7777;108042.16
3431;synthetic;train;3404;66;48333;311868.73
3432;synthetic;train;2217;76;76984;291171.51
3433;synthetic;train;1051;5;65844;72256.52
3434;synthetic;train;554;8;98230;105379.23
3435;synthetic;test;1800;55;21733;134917.78
3436;synthetic;train;386;6;35436;38493.83
3437;synthetic;train;14;36;32475;37144.47
3438;synthetic;train;2001;50;30843;145462.96
3439;synthetic;test;1729;7;30177;43153.67
3440;synthetic;train;3717;84;48581;425083.0
3441;synthetic;test;3570;43;12565;179809.17
3442;synthetic;test;3298;35;61243;191432.93
3443;synthetic;train;2465;26;73349;147033.76
3444;synthetic;test;1904;31;29791;95307.88
3445;synthetic;test;2835;21;12415;75080.86
3446;synthetic;test;3350;28;64103;168835.8
3447;synthetic;train;2722;71;62568;297609.4
3448;synthetic;train;2690;71;94337;335278.39
3449;synthetic;train;178;63;17439;34003.52
3450;synthetic;train;3386;5;24677;42191.08
3451;synthetic;train;730;51;428;41150.54
3452;synthetic;test;64;43;97167;115078.66
3453;synthetic;test;2007;38;65789;156090.66
3454;synthetic;train;2096;33;58855;138917.09
3455;synthetic;train;12;21;67389;72528.28
3456;synthetic;train;1297;5;12444;19202.93
3457;synthetic;test;3291;28;2265;99224.55
3458;synthetic;train;2769;45;45139;187073.27
3459;synthetic;train;3400;27;57249;158841.42
3460;synthetic;train;2830;52;20797;185653.44
3461;synthetic;train;2590;63;12241;196933.46
3462;synthetic;train;628;57;11898;53864.93
3463;synthetic;train;3345;10;97423;134788.99
3464;synthetic;test;2551;38;26839;133962.87
3465;synthetic;train;1309;63;75331;184803.31
3466;synthetic;test;792;46;99294;155152.75
3467;synthetic;train;977;59;17215;84746.75
3468;synthetic;train;3169;15;29762;80107.86
3469;synthetic;train;1744;32;17012;77909.44
3470;synthetic;train;2435;2;98353;103904.16
3471;synthetic;test;197;29;92989;108418.03
3472;synthetic;train;589;7;74392;80323.61
3473;synthetic;train;278;76;45119;82182.92
3474;synthetic;train;3303;21;14113;87098.29
3475;synthetic;train;3658;65;91099;378984.26
3476;synthetic;train;1215;34;57722;108447.29
3477;synthetic;train;1705;21;37511;77373.67
3478;synthetic;test;2313;4;33594;43373.52
3479;synthetic;train;1112;6;12267;19264.67
3480;synthetic;train;1883;9;34490;52770.57
3481;synthetic;train;2131;74;9876;191738.91
3482;synthetic;train;1651;9;42857;59268.86
3483;synthetic;train;1825;68;44228;194954.23
3484;synthetic;train;3554;12;5315;49114.95
3485;synthetic;train;16;30;19297;21828.54
3486;synthetic;train;348;20;97499;111417.75
3487;synthetic;train;3040;2;91544;98265.74
3488;synthetic;train;779;35;32763;65774.54
3489;synthetic;train;1539;64;71248;198112.83
3490;synthetic;train;2257;53;72753;217822.06
3491;synthetic;test;699;34;10769;37263.62
3492;synthetic;train;2675;37;63728;177579.85
3493;synthetic;train;2146;23;13870;66354.73
3494;synthetic;train;3697;25;10956;108445.42
3495;synthetic;train;1162;76;26130;134300.44
3496;synthetic;test;3749;39;86182;254508.24
3497;synthetic;train;2481;4;50939;61628.57
3498;synthetic;train;1584;17;54999;85950.51
3499;synthetic;train;391;59;82187;125548.58
3500;synthetic;test;351;41;65513;90534.64
3501;synthetic;train;236;33;25812;37053.52
3502;synthetic;train;149;68;44467;67147.82
3503;synthetic;test;2856;50;87582;259063.35
3504;synthetic;test;3788;51;35217;252631.41
3505;synthetic;test;1607;70;42663;180736.42
3506;synthetic;train;1975;17;99007;139369.91
3507;synthetic;train;2473;28;58507;136914.05
3508;synthetic;train;1524;14;87475;113523.97
3509;synthetic;train;3365;71;36847;316616.44
3510;synthetic;train;974;5;73154;79300.31
3511;synthetic;train;1245;75;86986;217882.93
3512;synthetic;test;487;78;14028;61629.39
3513;synthetic;train;1863;40;95634;189090.18
3514;synthetic;train;2497;74;59580;286083.04
3515;synthetic;test;3135;72;85971;364728.45
3516;synthetic;test;1564;33;98483;164557.71
3517;synthetic;train;2874;78;57734;331226.16
3518;synthetic;train;3530;61;74257;330109.79
3519;synthetic;test;675;48;73140;120997.39
3520;synthetic;test;2891;81;32694;312025.34
3521;synthetic;train;1150;82;98617;238158.65
3522;synthetic;train;683;32;94809;128562.86
3523;synthetic;train;758;66;11228;70026.22
3524;synthetic;train;677;66;60747;125719.65
3525;synthetic;train;2108;72;30713;210816.21
3526;synthetic;train;1912;52;73987;196690.2
3527;synthetic;train;1261;54;44836;128382.36
3528;synthetic;train;2059;73;39365;220609.37
3529;synthetic;train;2539;80;76240;332608.24
3530;synthetic;train;3757;50;28195;238021.71
3531;synthetic;train;3767;55;24141;256725.28
3532;synthetic;train;1205;23;83361;118843.08
3533;synthetic;train;351;63;55402;92967.21
3534;synthetic;train;279;52;75315;105408.81
3535;synthetic;train;2758;45;33544;173070.28
3536;synthetic;train;622;2;35955;37445.32
3537;synthetic;test;2402;4;99870;110896.61
3538;synthetic;train;2226;25;96211;162684.68
3539;synthetic;test;698;81;28176;101892.39
3540;synthetic;train;1442;36;99484;167386.87
3541;synthetic;train;953;82;34696;135579.09
3542;synthetic;train;1083;54;69375;147204.8
3543;synthetic;train;1311;12;39606;57296.67
3544;synthetic;train;2053;4;7865;16251.05
3545;synthetic;train;3488;4;40689;55302.89
3546;synthetic;train;2902;28;49477;139612.57
3547;synthetic;test;328;67;63418;103917.68
3548;synthetic;train;3236;73;35080;312564.4
3549;synthetic;train;156;30;14527;20981.91
3550;synthetic;train;2026;13;92191;123227.65
3551;synthetic;train;2288;22;92123;151431.78
3552;synthetic;test;2924;37;14650;131891.73
3553;synthetic;train;1306;50;76584;161613.38
3554;synthetic;train;995;63;28283;104736.34
3555;synthetic;train;937;38;16082;56268.29
3556;synthetic;test;1537;31;28004;81322.17
3557;synthetic;train;2947;28;69507;162921.44
3558;synthetic;train;2737;56;26933;201214.42
3559;synthetic;train;3151;20;27713;94893.21
3560;synthetic;train;3324;29;69702;178133.11
3561;synthetic;train;160;52;86875;112385.76
3562;synthetic;train;2693;49;84903;243503.73
3563;synthetic;train;1132;32;6941;46007.64
3564;synthetic;test;2653;61;75138;271776.72
3565;synthetic;train;2845;11;66618;101029.69
3566;synthetic;train;2900;18;47648;104473.97
3567;synthetic;test;3470;35;75316;213639.59
3568;synthetic;test;2015;56;62651;199730.6
3569;synthetic;train;2473;66;90436;295482.63
3570;synthetic;train;1123;78;62786;181573.55
3571;synthetic;train;2263;28;41667;112256.6
3572;synthetic;train;2476;31;28728;112839.36
3573;synthetic;train;3112;35;64461;188132.69
3574;synthetic;test;118;7;84818;87654.08
3575;synthetic;train;540;67;90019;153101.42
3576;synthetic;train;1829;75;42723;210905.0
3577;synthetic;test;3616;20;42785;120634.94
3578;synthetic;train;1477;66;4371;114641.98
3579;synthetic;test;3147;2;31570;38106.32
3580;synthetic;test;2265;13;49012;81320.13
3581;synthetic;train;3788;70;3021;302898.91
3582;synthetic;train;2248;51;6822;133243.31
3583;synthetic;test;2470;44;68179;196164.29
3584;synthetic;train;1130;22;73596;105021.79
3585;synthetic;test;2742;14;21640;62033.74
3586;synthetic;test;2228;70;20179;201386.29
3587;synthetic;train;832;68;69671;150957.6
3588;synthetic;train;3428;66;95328;372181.11
3589;synthetic;train;717;23;23798;42858.06
3590;synthetic;train;210;66;66176;97955.88
3591;synthetic;train;326;17;19076;25897.54
3592;synthetic;train;1531;39;28899;96766.86
3593;synthetic;test;3534;18;56188;125321.47
3594;synthetic;train;1664;33;82579;150301.47
3595;synthetic;train;3717;1;46371;50254.96
3596;synthetic;test;452;37;61703;87614.75
3597;synthetic;train;1564;26;31218;76585.11
3598;synthetic;train;1139;28;37399;74531.99
3599;synthetic;train;2613;9;4083;28119.59
3600;synthetic;train;1963;58;25871;157171.88
3601;synthetic;train;764;53;38421;90187.85
3602;synthetic;train;2797;13;12111;49867.27
3603;synthetic;train;2100;33;72935;154771.16
3604;synthetic;train;1923;30;15967;78412.3
3605;synthetic;train;620;64;22650;72321.93
3606;synthetic;train;1909;69;89784;261276.26
3607;synthetic;train;1017;10;77471;90450.78
3608;synthetic;train;2611;28;59357;141903.53
3609;synthetic;train;717;59;72731;135328.66
3610;synthetic;train;1137;40;33407;86890.28
3611;synthetic;train;118;11;95995;100898.32
3612;synthetic;train;1732;13;4427;27671.13
3613;synthetic;test;1342;83;38479;179222.04
3614;synthetic;train;3797;42;76396;259297.32
3615;synthetic;train;2984;3;609;9626.92
3616;synthetic;train;3505;79;13262;334479.95
3617;synthetic;train;2454;78;95065;342153.85
3618;synthetic;test;1126;69;64633;168799.12
3619;synthetic;train;3525;13;60100;109665.7
3620;synthetic;train;93;31;1140;4305.88
3621;synthetic;train;1683;69;65803;213546.5
3622;synthetic;test;1204;36;36744;87544.31
3623;synthetic;train;2780;23;9184;76475.76
3624;synthetic;train;1925;70;47714;212220.36
3625;synthetic;test;775;4;94395;98785.82
3626;synthetic;train;2890;14;7393;49231.84
3627;synthetic;train;490;32;81188;106883.64
3628;synthetic;train;607;69;188;47396.63
3629;synthetic;train;2807;24;96054;174288.3
3630;synthetic;test;1808;23;24292;69513.04
3631;synthetic;train;3141;34;35204;152679.52
3632;synthetic;train;2795;46;66384;216528.89
3633;synthetic;test;1693;6;585;10873.97
3634;synthetic;train;148;49;51362;68348.56
3635;synthetic;train;2840;76;17455;268475.33
3636;synthetic;train;3637;79;61594;409291.94
3637;synthetic;train;2015;15;17824;49779.98
3638;synthetic;train;70;55;43314;56245.4
3639;synthetic;test;729;12;6353;15551.7
3640;synthetic;train;2435;58;63164;232651.19
3641;synthetic;train;420;4;10621;12457.37
3642;synthetic;train;2856;63;29483;236872.29
3643;synthetic;train;209;27;80977;94503.8
3644;synthetic;test;544;67;46333;98804.56
3645;synthetic;test;537;79;51838;116027.92
3646;synthetic;train;2551;9;37164;61638.98
3647;synthetic;train;2403;55;6293;152831.35
3648;synthetic;train;2296;80;78639;313428.46
3649;synthetic;test;789;77;68290;157596.59
3650;synthetic;test;216;11;92126;97984.87
3651;synthetic;train;796;9;45095;53750.5
3652;synthetic;test;1997;49;65887;184016.1
3653;synthetic;test;3795;64;2592;274340.23
3654;synthetic;test;336;1;39523;39991.86
3655;synthetic;train;1331;79;36616;168092.1
3656;synthetic;train;116;75;26027;43303.82
3657;synthetic;train;3467;66;88053;366002.58
3658;synthetic;test;3114;13;62618;106825.67
3659;synthetic;train;1565;53;74589;179836.27
3660;synthetic;train;1903;27;91634;154098.06
3661;synthetic;train;2520;75;23714;245470.87
3662;synthetic;test;3185;28;46049;144168.57
3663;synthetic;train;3269;30;25051;130985.14
3664;synthetic;train;3479;82;31108;369410.86
3665;synthetic;train;1163;20;2352;26605.41
3666;synthetic;train;2100;22;84909;139371.53
3667;synthetic;train;650;54;50683;99175.84
3668;synthetic;train;2325;10;46655;71914.25
3669;synthetic;train;2378;29;87490;168873.98
3670;synthetic;train;2012;31;3082;69229.04
3671;synthetic;train;640;41;40002;74010.86
3672;synthetic;train;3311;67;15897;268794.15
3673;synthetic;train;2247;39;10114;105245.29
3674;synthetic;train;2530;46;8745;136160.99
3675;synthetic;test;1778;62;32711;162842.83
3676;synthetic;test;1356;10;20434;34936.55
3677;synthetic;train;3728;53;17604;237438.67
3678;synthetic;train;1834;17;44274;78981.08
3679;synthetic;test;553;52;57019;99237.25
3680;synthetic;test;2407;38;28598;130116.23
3681;synthetic;test;948;19;42942;64369.38
3682;synthetic;train;1715;57;5243;114158.66
3683;synthetic;train;1070;72;91525;203502.5
3684;synthetic;train;3537;26;13713;111169.91
3685;synthetic;train;753;12;95457;108580.24
3686;synthetic;train;3356;69;72980;352557.65
3687;synthetic;test;1303;40;84144;151965.09
3688;synthetic;train;3094;44;83757;243815.83
3689;synthetic;train;1317;35;83961;143300.54
3690;synthetic;test;1430;64;45329;158254.23
3691;synthetic;train;1131;19;60668;86847.62
3692;synthetic;train;1822;32;74316;144290.58
3693;synthetic;train;3;8;96182;98801.34
3694;synthetic;train;2521;47;1473;130191.52
3695;synthetic;train;2274;37;59989;157535.58
3696;synthetic;train;155;47;57787;75469.11
3697;synthetic;train;1102;5;97158;104353.48
3698;synthetic;test;2695;53;76709;247970.38
3699;synthetic;train;2549;12;45479;78590.78
3700;synthetic;test;3376;25;97221;193812.01
3701;synthetic;train;244;28;35023;45615.6
3702;synthetic;train;2346;15;22914;60229.98
3703;synthetic;train;2515;24;87901;158149.79
3704;synthetic;train;3306;26;55995;150989.25
3705;synthetic;test;1264;29;67037;112376.05
3706;synthetic;test;1113;13;25911;41867.7
3707;synthetic;train;3531;22;36385;119879.2
3708;synthetic;train;2389;9;26846;49524.76
3709;synthetic;train;663;78;93275;180063.24
3710;synthetic;train;2871;21;61642;128655.44
3711;synthetic;train;2516;74;15616;231439.93
3712;synthetic;train;2797;17;56869;109180.11
3713;synthetic;train;3341;6;14803;35382.71
3714;synthetic;train;3089;2;68513;75179.44
3715;synthetic;train;1904;30;86273;155499.13
3716;synthetic;train;3226;28;442;95312.86
3717;synthetic;train;487;10;98224;106507.87
3718;synthetic;train;2268;57;23090;170500.0
3719;synthetic;train;3232;61;75214;311094.18
3720;synthetic;test;1779;59;54405;182374.45
3721;synthetic;train;1461;50;32434;117916.9
3722;synthetic;train;3620;61;73899;335768.24
3723;synthetic;train;2723;38;95059;218357.75
3724;synthetic;train;789;48;6941;49275.95
3725;synthetic;train;1119;49;48953;117276.82
3726;synthetic;train;3576;52;41147;252269.1
3727;synthetic;train;1621;52;79114;186238.09
3728;synthetic;train;1050;50;57472;125091.81
3729;synthetic;train;35;77;56984;76703.75
3730;synthetic;test;919;54;67782;135580.45
3731;synthetic;train;3477;3;41372;52287.8
3732;synthetic;train;684;49;50161;95508.96
3733;synthetic;test;1804;83;53166;242819.72
3734;synthetic;train;1561;6;28961;39020.94
3735;synthetic;train;3409;38;91042;241633.47
3736;synthetic;test;2023;47;42987;153356.01
3737;synthetic;train;2114;6;5755;18703.86
3738;synthetic;test;1807;51;55087;165882.8
3739;synthetic;train;1630;25;70905;119620.08
3740;synthetic;train;2297;4;45238;55109.02
3741;synthetic;train;2701;66;28689;235425.69
3742;synthetic;train;3514;55;43767;264997.89
3743;synthetic;train;2383;74;22684;229303.23
3744;synthetic;test;571;37;8392;32011.78
3745;synthetic;test;3175;82;60559;379393.27
3746;synthetic;test;3723;6;63255;87130.74
3747;synthetic;train;1683;24;31177;75887.94
3748;synthetic;train;2071;54;16401;142345.89
3749;synthetic;train;2335;78;1039;209645.76
3750;synthetic;train;3337;52;34222;230445.19
3751;synthetic;train;2792;52;76873;250162.44
3752;synthetic;train;308;5;64202;66834.66
3753;synthetic;train;1153;21;42127;70297.16
3754;synthetic;train;2755;16;97320;147992.18
3755;synthetic;train;1598;13;7113;28692.71
3756;synthetic;test;3257;10;41896;76486.79
3757;synthetic;train;2541;44;26257;151001.66
3758;synthetic;train;410;60;49029;87137.37
3759;synthetic;train;182;16;56270;62343.17
3760;synthetic;train;639;33;12452;36222.91
3761;synthetic;train;3028;53;78395;269314.8
3762;synthetic;train;199;32;26761;36498.64
3763;synthetic;train;2366;70;22755;215533.89
3764;synthetic;train;2924;49;82406;252879.06
3765;synthetic;train;308;84;43460;87376.09
3766;synthetic;train;1064;16;98492;121392.76
3767;synthetic;train;3356;12;44490;87457.89
3768;synthetic;train;2787;50;18903;174191.3
3769;synthetic;train;1369;31;28874;76791.49
3770;synthetic;train;3650;18;70661;142843.26
3771;synthetic;train;3465;67;79947;360420.14
3772;synthetic;train;603;12;78292;88876.45
3773;synthetic;train;2837;63;41853;250793.62
3774;synthetic;train;1989;2;29103;33295.26
3775;synthetic;train;2007;11;13004;36012.33
3776;synthetic;train;171;18;99288;108594.44
3777;synthetic;train;2644;80;25714;276310.82
3778;synthetic;train;2275;75;35203;239310.8
3779;synthetic;train;2497;59;83229;264336.26
3780;synthetic;train;3684;52;58253;278748.17
3781;synthetic;train;3301;58;36168;255402.84
3782;synthetic;train;2394;47;22875;148745.05
3783;synthetic;test;1960;53;90379;221604.69
3784;synthetic;train;2205;14;98765;135128.26
3785;synthetic;train;2196;25;75443;139331.6
3786;synthetic;train;1461;32;83944;142790.64
3787;synthetic;train;3296;45;37301;203594.35
3788;synthetic;train;3280;15;74720;129077.1
3789;synthetic;train;2219;72;42057;234277.29
3790;synthetic;train;3161;2;75827;82687.0
3791;synthetic;test;265;54;19527;39073.53
3792;synthetic;test;3661;65;10461;279091.65
3793;synthetic;train;3389;22;54564;136192.46
3794;synthetic;train;324;9;24131;27829.69
3795;synthetic;test;2030;46;85561;200788.52
3796;synthetic;train;627;63;588;44745.31
3797;synthetic;test;1106;15;12389;30062.49
3798;synthetic;test;2221;76;66698;278272.01
3799;synthetic;train;3245;50;5371;183166.43
3800;synthetic;train;1314;70;4420;109327.68
3801;synthetic;train;369;71;6328;37616.66
3802;synthetic;train;3645;64;66512;342715.47
3803;synthetic;train;2037;8;41455;59115.8
3804;synthetic;train;3069;76;44698;323393.79
3805;synthetic;test;3189;66;5762;242946.07
3806;synthetic;test;2356;52;54288;198517.61
3807;synthetic;train;2934;75;55049;321016.13
3808;synthetic;train;1217;83;96363;243550.85
3809;synthetic;test;2606;54;10414;166881.46
3810;synthetic;train;1526;17;51489;81220.1
3811;synthetic;train;3139;19;99676;167851.17
3812;synthetic;train;492;9;97448;104913.18
3813;synthetic;train;381;62;76339;120111.19
3814;synthetic;train;1254;6;30848;39082.39
3815;synthetic;train;260;57;88882;123792.51
3816;synthetic;train;3788;68;77464;386673.25
3817;synthetic;train;3349;65;65051;324186.01
3818;synthetic;train;3785;28;41276;156566.34
3819;synthetic;train;3443;27;29872;130107.44
3820;synthetic;test;577;24;59364;78739.72
3821;synthetic;train;3368;12;68082;112158.25
3822;synthetic;train;2912;76;75005;348823.08
3823;synthetic;train;592;42;95230;136244.96
3824;synthetic;train;3451;52;96319;310756.09
3825;synthetic;train;2538;6;91406;108656.07
3826;synthetic;train;638;32;23810;48063.97
3827;synthetic;train;2734;3;64034;72933.28
3828;synthetic;train;3284;67;30699;285263.4
3829;synthetic;train;3408;31;68006;186871.23
3830;synthetic;train;1925;6;293;11984.41
3831;synthetic;train;695;79;95398;186986.28
3832;synthetic;train;1558;82;4945;153627.81
3833;synthetic;test;3676;20;3679;80080.54
3834;synthetic;train;2879;33;29233;133213.37
3835;synthetic;train;2886;28;75289;167474.99
3836;synthetic;test;741;8;32492;39386.24
3837;synthetic;train;2316;19;14287;60720.08
3838;synthetic;test;2846;42;43146;178120.22
3839;synthetic;test;910;2;5316;7180.61
3840;synthetic;train;2589;7;24693;43641.22
3841;synthetic;train;3461;29;74465;187556.66
3842;synthetic;train;1304;79;82187;224922.2
3843;synthetic;test;1785;58;41329;164514.23
3844;synthetic;train;3588;31;83646;210098.62
3845;synthetic;train;2341;55;35156;183743.15
3846;synthetic;train;3164;63;81529;322681.76
3847;synthetic;train;3045;14;87585;135473.34
3848;synthetic;train;3199;21;98166;174969.41
3849;synthetic;test;2002;28;22344;83374.5
3850;synthetic;train;1385;4;69071;75582.88
3851;synthetic;train;2689;57;54898;235419.54
3852;synthetic;train;1378;61;87139;200103.75
3853;synthetic;test;332;33;99553;122708.0
3854;synthetic;train;3275;84;18329;342166.45
3855;synthetic;train;1766;11;86606;109653.89
3856;synthetic;train;1971;21;9032;52628.71
3857;synthetic;train;2802;69;87923;328315.42
3858;synthetic;train;3691;69;78632;385695.99
3859;synthetic;train;3084;84;46303;360620.8
3860;synthetic;train;2882;69;11628;238542.73
3861;synthetic;train;2624;29;13245;94608.8
3862;synthetic;train;647;10;89775;99402.6
3863;synthetic;train;2933;9;62547;91289.51
3864;synthetic;train;2509;44;60611;189253.99
3865;synthetic;test;3447;44;65959;239965.91
3866;synthetic;train;2170;34;89086;178003.9
3867;synthetic;train;1572;68;60525;196051.46
3868;synthetic;train;2602;64;73594;276961.47
3869;synthetic;train;2144;52;50876;182405.68
3870;synthetic;train;1288;62;87888;196866.27
3871;synthetic;train;2680;65;83035;297885.71
3872;synthetic;train;1395;6;33757;42905.98
3873;synthetic;train;2868;69;51376;287462.74
3874;synthetic;train;2958;7;64413;86915.01
3875;synthetic;test;2580;43;71654;202145.81
3876;synthetic;train;1867;44;60397;158534.79
3877;synthetic;train;3016;21;30025;97909.08
3878;synthetic;train;1591;17;33422;63240.27
3879;synthetic;train;1332;27;41005;82551.69
3880;synthetic;test;1918;59;30294;162109.47
3881;synthetic;train;3212;41;72092;223964.63
3882;synthetic;train;436;15;45356;54394.63
3883;synthetic;test;1391;42;15841;81023.43
3884;synthetic;test;1799;58;72846;203638.3
3885;synthetic;train;943;29;52539;86619.9
3886;synthetic;test;1968;67;39029;196734.88
3887;synthetic;train;2549;75;29837;255804.27
3888;synthetic;train;3127;28;33439;128622.2
3889;synthetic;train;2482;53;54947;209644.57
3890;synthetic;test;878;9;90895;101693.37
3891;synthetic;train;3321;75;51261;349177.31
3892;synthetic;train;3361;40;7550;152662.73
3893;synthetic;train;754;23;37699;58750.72
3894;synthetic;train;3568;28;61262;172125.42
3895;synthetic;test;1028;55;56741;130285.48
3896;synthetic;test;571;39;10539;35817.76
3897;synthetic;train;3378;60;94135;339643.0
3898;synthetic;train;3327;19;70723;140701.91
3899;synthetic;train;380;81;78534;138217.08
3900;synthetic;train;2585;84;84691;362948.24
3901;synthetic;test;3281;9;2369;32466.56
3902;synthetic;train;3652;22;42640;129375.76
3903;synthetic;train;164;53;82078;107430.93
3904;synthetic;test;3198;49;66133;248330.86
3905;synthetic;train;1952;38;55445;142120.71
3906;synthetic;test;3556;22;47019;131892.5
3907;synthetic;train;2286;48;3066;122772.6
3908;synthetic;train;1091;55;69410;149307.76
3909;synthetic;train;2790;84;67303;359853.04
3910;synthetic;test;2202;28;37042;105386.83
3911;synthetic;train;3139;40;71555;216266.61
3912;synthetic;train;471;11;21547;27636.13
3913;synthetic;train;741;51;63711;116751.43
3914;synthetic;train;2120;25;57667;118028.9
3915;synthetic;train;453;40;15497;37117.01
3916;synthetic;train;291;14;11113;15820.33
3917;synthetic;train;1815;46;60739;161155.59
3918;synthetic;train;1670;15;2088;27923.39
3919;synthetic;train;2707;83;28101;296247.0
3920;synthetic;train;777;27;21439;45441.4
3921;synthetic;train;849;42;78521;128633.48
3922;synthetic;train;2706;81;35736;298780.83
3923;synthetic;test;1871;32;4203;67956.53
3924;synthetic;train;1476;22;47872;85254.56
3925;synthetic;train;600;63;84277;146058.81
3926;synthetic;train;3651;8;11763;41729.91
3927;synthetic;train;3672;72;58851;374027.86
3928;synthetic;test;1221;44;53565;119964.17
3929;synthetic;train;3219;45;2754;159722.37
3930;synthetic;train;2658;66;29807;233639.21
3931;synthetic;train;443;12;84078;92936.08
3932;synthetic;train;1700;45;96062;194242.56
3933;synthetic;train;232;18;83325;92779.47
3934;synthetic;test;2052;3;70289;77191.37
3935;synthetic;test;525;66;79783;138193.68
3936;synthetic;train;3132;40;26782;164818.99
3937;synthetic;train;3349;47;63543;244964.55
3938;synthetic;train;518;53;58009;99271.87
3939;synthetic;train;1110;65;13368;97277.85
3940;synthetic;test;2733;81;56726;328778.94
3941;synthetic;train;398;47;52901;82139.11
3942;synthetic;train;2098;23;62609;117821.34
3943;synthetic;train;1003;47;59459;120637.96
3944;synthetic;train;2454;68;88254;298238.08
3945;synthetic;test;2953;67;86881;330593.04
3946;synthetic;test;921;25;53305;81979.28
3947;synthetic;train;1769;59;933;116649.27
3948;synthetic;train;528;63;82197;138438.78
3949;synthetic;train;1148;27;56149;93912.75
3950;synthetic;train;1813;15;50046;80539.12
3951;synthetic;train;3113;62;81728;315172.63
3952;synthetic;train;2446;74;24982;237537.87
3953;synthetic;train;174;10;99246;104376.48
3954;synthetic;test;2433;21;85410;144600.97
3955;synthetic;test;1175;51;24933;94964.05
3956;synthetic;train;360;23;22817;33251.42
3957;synthetic;train;2100;2;23981;28362.17
3958;synthetic;train;2157;34;63594;148989.35
3959;synthetic;train;2491;82;83603;345072.84
3960;synthetic;train;867;59;62724;132945.6
3961;synthetic;train;2258;68;14773;191116.08
3962;synthetic;train;1425;69;89217;222959.16
3963;synthetic;train;141;40;26419;36223.12
3964;synthetic;train;638;5;53805;57929.8
3965;synthetic;test;2536;45;36837;166100.51
3966;synthetic;train;2930;55;90843;286223.09
3967;synthetic;train;1318;21;45574;77588.56
3968;synthetic;train;1926;39;83241;175116.43
3969;synthetic;train;173;45;43023;58385.23
3970;synthetic;train;801;54;80134;143372.02
3971;synthetic;test;2074;8;7528;24573.94
3972;synthetic;train;1602;57;31351;138615.54
3973;synthetic;train;1173;73;1443;98927.02
3974;synthetic;test;302;14;98360;107386.16
3975;synthetic;test;1890;14;31040;59651.5
3976;synthetic;train;3683;59;22369;267717.87
3977;synthetic;train;914;7;77280;85585.22
3978;synthetic;train;522;25;34837;51490.11
3979;synthetic;train;2359;51;79922;226044.64
3980;synthetic;train;1129;33;38863;82819.27
3981;synthetic;test;177;62;53545;78023.28
3982;synthetic;test;1807;84;17884;199069.39
3983;synthetic;train;3682;58;22102;262757.55
3984;synthetic;train;2578;64;36247;229035.25
3985;synthetic;test;1310;71;16027;125390.08
3986;synthetic;test;50;56;90655;112308.8
3987;synthetic;train;1903;12;53923;79456.8
3988;synthetic;train;957;70;61211;152828.4
3989;synthetic;test;1278;53;66710;153774.98
3990;synthetic;train;2579;31;57063;147622.63
3991;synthetic;train;162;34;37801;48170.76
3992;synthetic;train;2031;80;95354;310911.49
3993;synthetic;test;1836;55;10823;123992.98
3994;synthetic;train;1832;58;68280;200214.93
3995;synthetic;train;3660;40;90795;260573.75
3996;synthetic;train;3719;49;9147;209026.53
3997;synthetic;train;1429;65;58068;175959.14
3998;synthetic;test;3558;69;6322;284388.07
3999;synthetic;train;3272;31;81885;197809.95
4000;synthetic;train;1929;39;7244;88712.76
4001;synthetic;train;451;51;56917;92554.75
4002;synthetic;train;2108;14;50994;83686.55
4003;synthetic;test;231;13;49867;55145.66
4004;synthetic;test;2344;56;98195;262842.06
4005;synthetic;train;3245;32;78284;196833.4
4006;synthetic;train;363;73;38664;79340.61
4007;synthetic;train;2888;82;70324;365118.79
4008;synthetic;train;3496;1;17055;20619.5
4009;synthetic;train;2379;46;12048;132492.03
4010;synthetic;train;2729;5;99077;114521.38
4011;synthetic;train;594;38;82330;117529.42
4012;synthetic;train;1953;63;70365;223892.59
4013;synthetic;train;3605;39;97898;261841.17
4014;synthetic;test;1963;76;73264;264379.84
4015;synthetic;test;505;55;87839;136011.31
4016;synthetic;train;487;71;10544;52422.59
4017;synthetic;train;3310;67;15168;267807.88
4018;synthetic;train;2760;10;56803;86836.18
4019;synthetic;train;3510;18;17382;83674.0
4020;synthetic;train;1606;31;4847;57905.68
4021;synthetic;test;1732;22;12444;52988.54
4022;synthetic;train;1048;2;91504;94221.54
4023;synthetic;train;3777;31;87666;220737.64
4024;synthetic;test;1753;77;17313;176477.24
4025;synthetic;test;1081;63;22010;103038.03
4026;synthetic;test;3129;36;40390;165398.87
4027;synthetic;test;1722;68;559;132323.05
4028;synthetic;test;2852;66;82115;313137.93
4029;synthetic;train;3787;66;52869;345834.88
4030;synthetic;train;1771;33;82716;154192.8
4031;synthetic;train;1492;49;9607;90846.85
4032;synthetic;train;1205;23;43502;75813.53
4033;synthetic;train;1908;61;43185;182162.04
4034;synthetic;train;571;46;5468;34802.71
4035;synthetic;train;3226;65;22524;262449.05
4036;synthetic;test;1000;3;36441;39826.66
4037;synthetic;train;145;79;13417;30575.04
4038;synthetic;train;2505;48;23686;158381.02
4039;synthetic;train;3071;10;88681;122960.47
4040;synthetic;train;2813;54;87966;271966.0
4041;synthetic;train;1531;24;15451;55050.5
4042;synthetic;train;3512;34;82939;219510.45
4043;synthetic;train;1263;81;87003;231533.14
4044;synthetic;train;1170;41;79399;142488.05
4045;synthetic;train;859;2;28880;30799.45
4046;synthetic;train;2244;12;33339;62215.92
4047;synthetic;train;3490;7;5034;29910.55
4048;synthetic;train;1610;2;2781;6035.69
4049;synthetic;test;695;9;81088;89913.51
4050;synthetic;train;466;44;70529;103768.34
4051;synthetic;train;2378;55;35773;186720.97
4052;synthetic;train;3377;6;10731;31447.13
4053;synthetic;test;3253;6;19189;39322.98
4054;synthetic;train;658;3;11700;13804.57
4055;synthetic;train;2176;56;8329;144207.98
4056;synthetic;train;3581;9;68701;103560.69
4057;synthetic;train;3041;44;49161;201249.01
4058;synthetic;train;414;21;85059;100235.84
4059;synthetic;train;1324;3;72924;77654.21
4060;synthetic;train;2597;6;5107;20974.78
4061;synthetic;train;442;5;61626;64892.17
4062;synthetic;train;503;51;17614;48877.0
4063;synthetic;train;3695;61;37455;296202.77
4064;synthetic;train;1629;6;5488;15487.34
4065;synthetic;train;2042;2;63835;68365.72
4066;synthetic;train;1453;12;53569;73569.92
4067;synthetic;test;2100;63;19776;171824.32
4068;synthetic;train;2080;71;26999;201057.67
4069;synthetic;train;3173;61;42963;267587.55
4070;synthetic;train;3356;82;23685;348043.32
4071;synthetic;test;3723;1;12925;16703.49
4072;synthetic;train;164;31;93699;109245.74
4073;synthetic;test;2281;52;8483;139794.29
4074;synthetic;train;1961;33;47942;122020.7
4075;synthetic;test;992;17;95205;118125.27
4076;synthetic;train;2121;35;7380;87153.71
4077;synthetic;train;2898;40;38670;168371.35
4078;synthetic;train;2534;12;53320;86567.29
4079;synthetic;train;3279;39;41;136824.41
4080;synthetic;train;873;5;50019;55267.07
4081;synthetic;train;1384;12;68690;88460.81
4082;synthetic;train;671;29;98771;129240.98
4083;synthetic;train;251;21;31784;39553.29
4084;synthetic;train;1933;21;97003;146139.42
4085;synthetic;train;20;80;53480;71629.03
4086;synthetic;train;145;10;10305;12130.54
4087;synthetic;train;1092;28;64119;102479.87
4088;synthetic;train;1182;61;29379;116065.83
4089;synthetic;test;1001;24;32919;60707.04
4090;synthetic;test;3183;21;27326;98653.2
4091;synthetic;test;3636;55;19052;242694.48
4092;synthetic;train;3299;16;16211;71402.32
4093;synthetic;test;1691;59;18930;133457.24
4094;synthetic;train;2862;14;78176;122988.62
4095;synthetic;test;364;40;64017;88731.04
4096;synthetic;test;1009;52;68865;139251.58
4097;synthetic;train;2470;34;77330;175657.01
4098;synthetic;train;2780;28;73342;162221.99
4099;synthetic;test;3490;69;73321;363397.58
4100;synthetic;train;2912;68;28912;258834.42
4101;synthetic;train;2739;17;35845;85916.34
4102;synthetic;train;3551;24;84363;180244.63
4103;synthetic;train;1605;18;9703;40124.34
4104;synthetic;train;2083;38;51134;142543.86
4105;synthetic;train;163;23;394;4328.03
4106;synthetic;train;1149;79;15231;123804.34
4107;synthetic;train;2619;1;56185;59000.01
4108;synthetic;test;3499;29;19716;128419.55
4109;synthetic;train;2168;24;89158;150827.28
4110;synthetic;train;3226;55;63904;271768.2
4111;synthetic;test;2289;62;46020;214447.4
4112;synthetic;train;3685;30;893;117436.9
4113;synthetic;train;2654;56;98099;281841.07
4114;synthetic;train;1502;36;56200;120892.54
4115;synthetic;train;1490;66;42811;163484.83
4116;synthetic;train;2977;36;22510;139420.3
4117;synthetic;train;3764;45;70678;265119.68
4118;synthetic;test;2246;31;97214;181244.5
4119;synthetic;train;1411;84;43080;193949.13
4120;synthetic;train;86;4;97366;99017.59
4121;synthetic;train;2005;33;81138;160607.17
4122;synthetic;train;2345;56;68545;227179.91
4123;synthetic;test;753;8;72804;80883.33
4124;synthetic;test;82;61;12993;21472.39
4125;synthetic;train;997;60;62288;142373.87
4126;synthetic;train;2969;52;4784;174519.5
4127;synthetic;train;3191;19;13607;77186.09
4128;synthetic;train;3338;17;53607;115206.12
4129;synthetic;train;1846;65;4414;139658.8
4130;synthetic;train;405;35;47326;68230.55
4131;synthetic;train;2995;51;14871;184371.01
4132;synthetic;train;3719;39;96460;264959.19
4133;synthetic;train;3761;5;50592;70434.73
4134;synthetic;train;1603;42;30994;108021.67
4135;synthetic;train;2123;42;18600;117247.44
4136;synthetic;train;1096;13;84360;102674.55
4137;synthetic;test;2573;33;39577;134066.96
4138;synthetic;test;300;25;92443;108296.58
4139;synthetic;train;119;13;84605;89929.02
4140;synthetic;train;1977;3;48977;55439.03
4141;synthetic;train;2849;29;38199;128952.66
4142;synthetic;test;2399;51;90292;240559.78
4143;synthetic;train;941;24;15540;40381.56
4144;synthetic;train;2526;45;34695;163126.23
4145;synthetic;train;2643;32;19549;111137.65
4146;synthetic;train;2051;37;40540;126743.06
4147;synthetic;train;1689;77;21598;176387.34
4148;synthetic;test;1048;48;4670;60114.09
4149;synthetic;train;554;48;50975;88685.38
4150;synthetic;train;2480;10;85388;113536.59
4151;synthetic;test;1845;14;31160;59131.23
4152;synthetic;test;864;38;46938;88321.71
4153;synthetic;train;1648;39;90794;172119.84
4154;synthetic;test;3644;42;96303;275282.25
4155;synthetic;train;3110;69;22565;270016.95
4156;synthetic;train;1666;30;9645;63305.06
4157;synthetic;train;285;53;42075;66737.0
4158;synthetic;test;3137;57;8517;207516.41
4159;synthetic;train;3185;42;56592;208889.69
4160;synthetic;train;3669;54;2228;220071.65
4161;synthetic;train;673;36;3720;29975.33
4162;synthetic;test;636;67;14279;65661.06
4163;synthetic;train;634;43;9117;39877.35
4164;synthetic;train;971;79;63147;170017.91
4165;synthetic;test;3661;30;61626;183787.68
4166;synthetic;train;906;32;17465;50070.36
4167;synthetic;train;3166;16;20472;73707.01
4168;synthetic;train;1762;37;31384;104989.26
4169;synthetic;train;1356;25;91270;134596.91
4170;synthetic;train;2205;78;98682;324630.2
4171;synthetic;train;2473;70;11074;209237.19
4172;synthetic;test;3607;41;71344;240487.95
4173;synthetic;test;932;9;88492;99711.48
4174;synthetic;train;1707;12;65848;89464.02
4175;synthetic;train;206;38;70443;88297.06
4176;synthetic;train;2737;39;36996;156292.12
4177;synthetic;train;3185;16;7463;60299.35
4178;synthetic;test;596;68;46990;104478.18
4179;synthetic;train;141;15;2807;5122.96
4180;synthetic;train;3094;39;6806;136809.98
4181;synthetic;train;840;52;59372;118355.04
4182;synthetic;train;3113;3;6940;16411.03
4183;synthetic;train;134;34;72715;86257.61
4184;synthetic;train;2519;18;65724;116586.52
4185;synthetic;train;2494;17;74992;123049.61
4186;synthetic;test;1604;5;39058;47813.88
4187;synthetic;train;2925;59;26842;223664.63
4188;synthetic;train;2876;33;46024;151848.57
4189;synthetic;train;329;84;83863;142848.21
4190;synthetic;train;740;48;78036;130130.04
4191;synthetic;test;1917;18;96856;138454.57
4192;synthetic;train;1021;29;37162;72063.65
4193;synthetic;train;3384;43;71969;239739.01
4194;synthetic;train;3424;78;85643;416470.43
4195;synthetic;test;3449;80;99103;445994.76
4196;synthetic;train;2443;12;11331;41751.64
4197;synthetic;train;3024;27;80450;173583.81
4198;synthetic;train;3551;55;76430;306458.05
4199;synthetic;test;1059;37;96515;150928.12
4200;synthetic;test;3104;18;93633;157088.19
4201;synthetic;train;1898;71;52149;218310.17
4202;synthetic;train;2294;14;33866;68411.74
4203;synthetic;test;2745;71;8886;231465.24
4204;synthetic;test;292;59;44709;73475.52
4205;synthetic;test;3224;6;34939;55214.57
4206;synthetic;train;134;60;85786;113658.09
4207;synthetic;test;595;28;84595;110346.28
4208;synthetic;train;157;80;88699;130169.14
4209;synthetic;test;580;12;69186;79117.41
4210;synthetic;test;38;43;6591;9364.6
4211;synthetic;train;2019;30;70649;141868.93
4212;synthetic;train;3346;42;64177;224881.93
4213;synthetic;train;2281;83;23090;248850.61
4214;synthetic;train;907;32;73670;112624.73
4215;synthetic;train;3287;24;10990;94164.33
4216;synthetic;train;2312;51;37477;173131.85
4217;synthetic;test;700;72;84654;164618.73
4218;synthetic;train;2840;49;26142;182172.22
4219;synthetic;train;1531;6;24982;34779.59
4220;synthetic;train;1711;37;8037;76571.69
4221;synthetic;test;3638;23;50921;142075.7
4222;synthetic;train;1767;40;84503;172260.25
4223;synthetic;test;2835;73;37905;282976.14
4224;synthetic;test;1007;36;56149;101872.2
4225;synthetic;train;1280;39;15092;70576.44
4226;synthetic;train;2218;60;52716;211907.34
4227;synthetic;test;3317;84;90560;441770.2
4228;synthetic;train;353;74;33370;72356.63
4229;synthetic;train;1716;35;28406;95718.47
4230;synthetic;train;3333;54;96697;313228.16
4231;synthetic;test;3627;36;72705;220904.44
4232;synthetic;train;1908;42;73964;171208.69
4233;synthetic;train;2617;77;77254;329879.65
4234;synthetic;train;2364;78;10238;224158.07
4235;synthetic;train;2900;33;43319;149668.12
4236;synthetic;train;2970;23;88364;166503.24
4237;synthetic;train;1899;30;32818;96274.05
4238;synthetic;train;1599;80;10264;160203.65
4239;synthetic;train;1930;71;47206;214616.89
4240;synthetic;train;2150;30;13621;82993.48
4241;synthetic;train;2429;78;52005;284102.04
4242;synthetic;train;1641;11;94473;116411.4
4243;synthetic;train;3302;76;35901;332247.43
4244;synthetic;train;2376;37;23465;120248.74
4245;synthetic;train;781;33;55340;89050.27
4246;synthetic;train;463;59;45776;85940.07
4247;synthetic;test;3348;24;5160;89376.14
4248;synthetic;train;1185;82;32200;154209.12
4249;synthetic;train;2674;71;28430;250522.3
4250;synthetic;train;2441;18;36221;83812.94
4251;synthetic;train;1125;57;87573;176591.96
4252;synthetic;train;959;25;82095;114259.2
4253;synthetic;train;1758;44;70574;165143.06
4254;synthetic;train;522;74;36522;90592.72
4255;synthetic;test;2502;37;75311;183857.54
4256;synthetic;train;2324;15;18784;55549.65
4257;synthetic;test;3334;44;27572;190162.47
4258;synthetic;train;544;11;91991;101525.8
4259;synthetic;test;3709;34;20164;156318.78
4260;synthetic;test;1591;12;54966;76716.16
4261;synthetic;train;2378;83;31886;269732.99
4262;synthetic;train;751;12;37717;48463.34
4263;synthetic;train;2284;6;75899;91294.45
4264;synthetic;train;1748;67;46361;189358.28
4265;synthetic;train;590;2;55687;57244.77
4266;synthetic;train;2049;69;87726;269564.2
4267;synthetic;test;612;27;20768;40038.27
4268;synthetic;train;405;1;8231;8664.79
4269;synthetic;train;1993;13;19468;46850.38
4270;synthetic;train;447;61;63568;108157.04
4271;synthetic;train;3656;10;20875;58818.37
4272;synthetic;train;1731;55;13008;120268.98
4273;synthetic;test;804;36;1800;32829.39
4274;synthetic;train;1502;64;52664;172474.35
4275;synthetic;train;1649;41;94679;181078.67
4276;synthetic;train;1977;45;93082;204250.27
4277;synthetic;test;598;9;44977;51816.95
4278;synthetic;train;1210;18;11950;35170.6
4279;synthetic;train;3336;52;69091;271844.74
4280;synthetic;train;448;29;62083;82035.26
4281;synthetic;train;2005;59;66948;212396.11
4282;synthetic;train;1570;66;25962;148411.92
4283;synthetic;train;304;77;2251;29633.32
4284;synthetic;train;1077;10;23183;34936.91
4285;synthetic;train;1500;11;46671;65244.78
4286;synthetic;train;3523;12;92659;139637.34
4287;synthetic;test;1562;50;44162;137271.68
4288;synthetic;train;1203;10;59334;73594.49
4289;synthetic;train;3483;44;59915;234677.5
4290;synthetic;train;2446;33;12060;98918.78
4291;synthetic;train;1926;73;31420;199471.56
4292;synthetic;train;3311;72;24480;300932.11
4293;synthetic;train;2185;63;49490;214436.66
4294;synthetic;test;2657;77;62727;314626.3
4295;synthetic;train;3184;68;81281;345292.41
4296;synthetic;train;3238;19;1835;65569.12
4297;synthetic;train;581;21;69010;86663.65
4298;synthetic;train;1937;40;907;84047.5
4299;synthetic;train;2598;31;76063;169308.86
4300;synthetic;train;428;25;5469;17119.75
4301;synthetic;train;1081;78;49083;160062.7
4302;synthetic;test;1670;23;26487;68578.54
4303;synthetic;train;2535;83;74673;341164.77
4304;synthetic;test;2800;40;9863;131263.02
4305;synthetic;train;2750;68;51044;274204.0
4306;synthetic;train;347;60;92107;135544.76
4307;synthetic;train;854;14;73885;89667.95
4308;synthetic;train;1260;61;70318;171503.04
4309;synthetic;train;1013;4;55597;60427.89
4310;synthetic;train;1549;72;35798;171723.21
4311;synthetic;test;948;73;73598;172300.18
4312;synthetic;train;2349;81;78300;321268.43
4313;synthetic;train;3291;68;40152;301897.77
4314;synthetic;test;236;52;76490;104360.56
4315;synthetic;test;3768;58;56844;310407.06
4316;synthetic;train;2187;10;737;23036.92
4317;synthetic;test;172;77;79032;117235.0
4318;synthetic;train;988;36;48362;92366.22
4319;synthetic;train;937;36;34767;75087.23
4320;synthetic;train;2640;64;9843;200793.58
4321;synthetic;train;1767;84;86850;286394.77
4322;synthetic;train;3016;62;432;208557.17
4323;synthetic;train;3701;62;88851;364484.7
4324;synthetic;test;3453;22;1381;80433.04
4325;synthetic;test;2504;39;2054;106788.64
4326;synthetic;train;1029;84;36337;147948.1
4327;synthetic;test;991;55;66480;139743.73
4328;synthetic;train;1262;72;58031;176586.93
4329;synthetic;train;609;28;84788;110969.64
4330;synthetic;train;339;2;65650;66769.79
4331;synthetic;train;1679;22;47204;89177.07
4332;synthetic;train;697;32;23390;49592.28
4333;synthetic;train;2228;57;91485;250665.74
4334;synthetic;train;257;28;26444;36580.91
4335;synthetic;train;2201;45;87747;208945.4
4336;synthetic;train;3492;65;19891;278514.82
4337;synthetic;test;154;76;94280;134750.25
4338;synthetic;train;951;4;68060;72807.82
4339;synthetic;train;2237;75;57535;264731.17
4340;synthetic;test;2889;67;979;218423.37
4341;synthetic;train;564;66;17937;64040.3
4342;synthetic;test;783;64;20450;81245.26
4343;synthetic;train;568;2;46944;48399.16
4344;synthetic;train;2419;62;90558;278157.94
4345;synthetic;train;2474;64;21060;202813.17
4346;synthetic;train;1293;26;6503;42264.39
4347;synthetic;train;3682;21;44867;128335.77
4348;synthetic;train;1356;4;90335;97014.86
4349;synthetic;train;834;9;34243;42916.3
4350;synthetic;train;546;84;18899;77998.05
4351;synthetic;train;1150;23;2639;30383.26
4352;synthetic;train;49;44;23272;29267.34
4353;synthetic;test;317;25;27407;38062.4
4354;synthetic;test;1611;84;30689;196977.17
4355;synthetic;train;2677;65;5066;200870.52
4356;synthetic;test;1905;38;50770;134908.52
4357;synthetic;train;652;40;12294;41986.3
4358;synthetic;test;3594;50;3451;199916.2
4359;synthetic;train;1921;78;74287;267670.42
4360;synthetic;test;1037;75;18552;112299.57
4361;synthetic;train;937;14;92300;110152.66
4362;synthetic;train;2724;44;66792;206614.26
4363;synthetic;train;983;6;84579;92251.93
4364;synthetic;test;3664;3;5168;16285.29
4365;synthetic;train;2126;4;72162;81704.09
4366;synthetic;train;3592;24;29435;121775.8
4367;synthetic;train;3281;30;24028;130233.96
4368;synthetic;train;320;71;92591;142939.58
4369;synthetic;train;298;68;15992;42830.74
4370;synthetic;test;527;33;43669;67150.27
4371;synthetic;train;3245;59;14458;229489.68
4372;synthetic;test;2219;74;66210;271199.15
4373;synthetic;train;872;11;45251;56724.11
4374;synthetic;train;1794;30;10926;68765.52
4375;synthetic;train;448;45;94431;131469.78
4376;synthetic;train;2272;37;93129;194939.0
4377;synthetic;test;2623;61;57527;248169.65
4378;synthetic;train;2898;43;62207;205970.68
4379;synthetic;test;2342;64;89835;278481.8
4380;synthetic;train;1118;59;3165;76855.89
4381;synthetic;train;2023;76;64519;258315.39
4382;synthetic;train;1017;51;35774;99013.55
4383;synthetic;train;1645;20;62477;100852.91
4384;synthetic;train;753;38;93925;137138.75
4385;synthetic;train;2878;35;96892;215869.3
4386;synthetic;train;53;81;35213;51042.53
4387;synthetic;train;3118;80;60176;364803.97
4388;synthetic;train;2319;63;23975;192378.19
4389;synthetic;test;676;29;47902;73370.64
4390;synthetic;train;2822;22;56478;125288.3
4391;synthetic;train;13;3;96674;97683.23
4392;synthetic;train;3231;73;32872;309335.29
4393;synthetic;train;1952;57;25415;153443.92
4394;synthetic;train;2828;59;40727;234227.82
4395;synthetic;train;1652;26;80335;132534.98
4396;synthetic;train;3750;84;77140;466056.25
4397;synthetic;train;1326;66;24440;128476.65
4398;synthetic;train;3406;23;40287;125041.07
4399;synthetic;train;354;7;39405;42844.95
4400;synthetic;train;2090;2;84617;89382.97
4401;synthetic;train;434;84;27169;78062.65
4402;synthetic;train;1440;14;82443;107046.16
4403;synthetic;train;2782;7;10560;30544.27
4404;synthetic;train;2314;73;10981;205526.38
4405;synthetic;train;840;46;10859;54479.15
4406;synthetic;train;1157;1;49916;51243.24
4407;synthetic;train;2717;35;25661;129853.14
4408;synthetic;train;1612;43;16572;93766.15
4409;synthetic;train;424;16;98530;110897.83
4410;synthetic;train;2747;11;30136;62087.69
4411;synthetic;train;1565;16;85165;115583.9
4412;synthetic;train;3574;21;1654;79641.85
4413;synthetic;test;1014;49;80850;149225.5
4414;synthetic;train;1290;23;24886;57751.86
4415;synthetic;train;10;2;42791;43096.85
4416;synthetic;train;2346;2;20028;24877.23
4417;synthetic;train;3457;84;64181;420474.33
4418;synthetic;train;1982;49;37049;149270.92
4419;synthetic;train;766;32;69995;103767.84
4420;synthetic;train;2517;57;60872;231827.83
4421;synthetic;train;229;53;88085;118370.3
4422;synthetic;train;2465;49;22395;157770.31
4423;synthetic;train;3011;38;26291;152005.31
4424;synthetic;train;1861;11;92640;116978.98
4425;synthetic;test;2669;28;79389;165596.76
4426;synthetic;train;205;33;65139;79862.28
4427;synthetic;train;90;60;81826;105896.04
4428;synthetic;train;2257;18;74909;121470.32
4429;synthetic;test;1288;62;62823;166057.65
4430;synthetic;train;354;9;1516;4801.66
4431;synthetic;test;273;26;2570;10228.72
4432;synthetic;train;3566;77;17260;335791.04
4433;synthetic;test;1183;63;66066;164531.12
4434;synthetic;train;2210;84;62980;297831.4
4435;synthetic;train;2543;43;52510;178343.4
4436;synthetic;test;1105;44;91818;158743.36
4437;synthetic;train;1432;12;59978;79982.5
4438;synthetic;train;2983;81;54216;348772.99
4439;synthetic;train;2994;22;42423;114098.19
4440;synthetic;train;1592;28;71616;125406.38
4441;synthetic;train;3357;28;13578;113582.4
4442;synthetic;train;3136;72;93492;374367.16
4443;synthetic;train;969;61;71563;153314.36
4444;synthetic;train;3002;68;95252;348899.88
4445;synthetic;train;1812;7;19228;32535.41
4446;synthetic;train;3369;71;1107;271671.86
4447;synthetic;train;1396;21;32068;64804.38
4448;synthetic;train;2427;43;48090;167871.95
4449;synthetic;train;1653;54;68305;179699.28
4450;synthetic;test;165;12;34117;37530.42
4451;synthetic;train;1655;84;89171;278591.8
4452;synthetic;train;2465;4;10069;20146.37
4453;synthetic;test;1737;50;66053;172661.53
4454;synthetic;train;539;75;49322;109297.8
4455;synthetic;train;2256;4;82449;92653.28
4456;synthetic;train;2063;19;31885;74496.19
4457;synthetic;test;1340;3;94214;99206.14
4458;synthetic;train;3051;75;35364;305734.27
4459;synthetic;train;2120;39;47549;142570.55
4460;synthetic;train;2237;38;77324;178512.78
4461;synthetic;test;223;17;89238;98338.73
4462;synthetic;train;3352;69;36875;306822.52
4463;synthetic;test;1733;3;27944;33458.11
4464;synthetic;test;2760;29;48026;137061.16
4465;synthetic;train;468;42;72179;104137.36
4466;synthetic;train;2174;47;91459;217729.25
4467;synthetic;test;889;26;62301;92115.13
4468;synthetic;train;1824;83;5967;182520.8
4469;synthetic;train;465;29;45848;64673.84
4470;synthetic;train;3383;42;43715;203021.09
4471;synthetic;test;633;37;53158;85088.7
4472;synthetic;train;2218;51;42964;174400.18
4473;synthetic;train;597;13;15472;24100.56
4474;synthetic;train;2350;72;88312;303731.01
4475;synthetic;test;1183;7;63033;72910.7
4476;synthetic;test;145;53;38310;54117.66
4477;synthetic;train;3188;53;73990;273349.4
4478;synthetic;train;1541;71;52513;190131.75
4479;synthetic;train;2375;31;44946;127516.1
4480;synthetic;train;3192;34;2137;117490.22
4481;synthetic;test;1440;33;41839;97006.44
4482;synthetic;test;268;11;32404;36619.78
4483;synthetic;train;1611;3;38944;44200.02
4484;synthetic;train;1216;3;25041;28964.62
4485;synthetic;train;1045;13;75191;92421.51
4486;synthetic;train;275;49;66534;92978.04
4487;synthetic;train;3063;46;54269;215753.65
4488;synthetic;train;2891;72;21095;262403.43
4489;synthetic;train;3025;39;9828;137372.51
4490;synthetic;train;2327;83;14070;241365.87
4491;synthetic;train;56;77;59684;82038.47
4492;synthetic;train;832;67;39368;111752.23
4493;synthetic;train;1261;25;59857;97978.03
4494;synthetic;train;511;31;30508;50538.06
4495;synthetic;test;230;65;846;17768.15
4496;synthetic;test;3646;8;35823;66398.44
4497;synthetic;test;373;31;61089;79928.33
4498;synthetic;train;332;45;77188;105800.78
4499;synthetic;train;1730;10;69192;89153.67
4500;synthetic;train;708;2;43679;45393.77
4501;synthetic;train;1029;3;77740;81627.62
4502;synthetic;train;2278;77;48037;262327.71
4503;synthetic;train;1665;71;8148;143890.18
4504;synthetic;train;1374;68;29254;141705.25
4505;synthetic;train;3363;24;41366;128967.81
4506;synthetic;train;3409;21;96812;178092.79
4507;synthetic;train;167;23;59108;67808.18
4508;synthetic;train;2257;77;95982;322429.5
4509;synthetic;test;2575;56;31725;196999.09
4510;synthetic;test;3061;55;2407;187944.49
4511;synthetic;train;3161;31;47583;156149.53
4512;synthetic;train;1847;69;26792;177207.81
4513;synthetic;train;1489;4;34850;41322.8
4514;synthetic;train;335;49;89320;122998.18
4515;synthetic;train;1765;77;97712;281412.68
4516;synthetic;train;204;44;52828;70840.77
4517;synthetic;test;1463;70;39493;165365.18
4518;synthetic;test;209;47;20191;34259.9
4519;synthetic;train;1348;43;72291;145832.21
4520;synthetic;train;1057;32;6790;43302.97
4521;synthetic;test;1459;49;61697;150403.29
4522;synthetic;test;1114;6;57731;65657.71
4523;synthetic;test;2490;8;50497;72080.53
4524;synthetic;test;361;39;64084;88023.4
4525;synthetic;train;2733;60;75826;274382.38
4526;synthetic;train;916;72;34967;119081.96
4527;synthetic;train;1424;67;32704;147931.29
4528;synthetic;train;284;61;66210;100351.26
4529;synthetic;train;2210;13;63180;95382.61
4530;synthetic;train;753;47;50792;97763.71
4531;synthetic;train;2936;83;19004;306183.8
4532;synthetic;test;435;47;95199;133483.7
4533;synthetic;train;600;41;40725;73079.49
4534;synthetic;train;1208;56;29548;110086.58
4535;synthetic;train;1873;72;37959;200873.02
4536;synthetic;train;80;75;27450;42058.33
4537;synthetic;train;2936;65;52629;278744.9
4538;synthetic;train;333;80;68088;119430.38
4539;synthetic;train;1612;72;78808;231511.82
4540;synthetic;train;2889;15;63284;111031.89
4541;synthetic;train;1086;7;33808;42308.82
4542;synthetic;train;395;9;72704;78529.2
4543;synthetic;train;1906;34;19226;90255.77
4544;synthetic;train;2929;54;58559;243643.52
4545;synthetic;test;722;11;12350;20913.08
4546;synthetic;train;95;82;36774;57282.96
4547;synthetic;test;2501;83;93646;362917.83
4548;synthetic;train;1218;42;46304;108244.79
4549;synthetic;train;126;65;57437;80465.54
4550;synthetic;train;1411;47;73546;157901.44
4551;synthetic;train;56;55;86125;106808.56
4552;synthetic;train;2760;53;9054;171039.67
4553;synthetic;train;2829;64;49392;263232.91
4554;synthetic;train;2214;52;12112;140298.96
4555;synthetic;test;978;67;97376;195225.55
4556;synthetic;test;1026;34;91530;139490.3
4557;synthetic;train;616;22;5591;20099.51
4558;synthetic;train;892;54;34822;94532.12
4559;synthetic;train;3736;75;89580;433771.78
4560;synthetic;train;2760;59;50967;242248.95
4561;synthetic;test;3764;9;72283;108926.27
4562;synthetic;train;532;29;25562;44375.79
4563;synthetic;train;2284;67;7976;181683.14
4564;synthetic;train;2286;19;7699;53112.66
4565;synthetic;train;1586;49;20182;108305.95
4566;synthetic;train;1481;81;34675;183316.75
4567;synthetic;train;3783;71;37093;350461.01
4568;synthetic;test;2191;60;46464;202477.67
4569;synthetic;train;1549;28;13951;60846.01
4570;synthetic;test;94;29;79574;90502.77
4571;synthetic;train;886;16;32808;49186.61
4572;synthetic;train;2275;19;22039;68172.56
4573;synthetic;train;426;28;21743;36388.54
4574;synthetic;train;3158;77;37051;325494.64
4575;synthetic;train;323;8;32475;35974.24
4576;synthetic;test;1761;45;30413;120954.44
4577;synthetic;train;1347;24;51761;89774.62
4578;synthetic;train;2648;4;47871;59193.03
4579;synthetic;train;2464;57;56348;223026.82
4580;synthetic;test;1995;58;37837;173736.02
4581;synthetic;test;2155;27;43790;108887.11
4582;synthetic;train;471;30;14208;30583.8
4583;synthetic;train;860;36;50007;89317.06
4584;synthetic;train;3579;3;89857;101567.3
4585;synthetic;train;1247;61;67787;167521.67
4586;synthetic;train;3689;10;96719;137564.87
4587;synthetic;train;238;74;65218;103432.04
4588;synthetic;train;1831;34;9359;76502.43
4589;synthetic;train;3046;62;93732;325306.08
4590;synthetic;test;2775;81;88681;374531.17
4591;synthetic;train;1617;60;26432;139836.19
4592;synthetic;test;3021;52;44033;224140.37
4593;synthetic;train;2387;24;62235;127146.55
4594;synthetic;train;1804;28;97553;160108.04
4595;synthetic;train;242;64;21000;43274.21
4596;synthetic;test;845;13;10241;21938.53
4597;synthetic;train;470;70;92629;154036.06
4598;synthetic;train;2222;2;86450;91493.54
4599;synthetic;train;2287;44;94748;218237.05
4600;synthetic;train;1557;31;77982;137385.51
4601;synthetic;train;2002;61;69579;220864.48
4602;synthetic;train;3189;27;7202;98118.74
4603;synthetic;train;1815;55;81711;207849.12
4604;synthetic;train;1014;63;83220;173821.18
4605;synthetic;train;3072;68;98735;358617.87
4606;synthetic;train;2512;32;43648;133513.85
4607;synthetic;train;2838;20;60279;123216.64
4608;synthetic;train;2176;56;42127;184929.48
4609;synthetic;test;2811;7;74973;96681.07
4610;synthetic;test;3085;75;92280;381686.8
4611;synthetic;train;1327;4;65348;71576.05
4612;synthetic;train;342;24;70248;84647.53
4613;synthetic;train;2259;51;75118;214784.45
4614;synthetic;test;625;67;58654;120292.75
4615;synthetic;test;1596;39;50872;124496.31
4616;synthetic;train;2091;29;22303;88330.08
4617;synthetic;train;642;29;26052;48270.01
4618;synthetic;train;1961;77;10809;186359.05
4619;synthetic;train;1174;5;97476;105040.42
4620;synthetic;test;2662;21;41424;102420.41
4621;synthetic;train;2747;81;57390;330952.06
4622;synthetic;train;1029;59;68575;150644.32
4623;synthetic;train;2447;4;70675;81491.9
4624;synthetic;train;74;77;88196;120460.14
4625;synthetic;train;2141;55;6784;137581.64
4626;synthetic;train;3322;23;26210;107833.13
4627;synthetic;train;2691;79;49407;307819.95
4628;synthetic;train;1928;47;29114;132293.13
4629;synthetic;test;2267;81;38263;261208.91
4630;synthetic;train;2937;66;85084;323120.41
4631;synthetic;train;2749;78;71430;337830.24
4632;synthetic;train;3709;61;83691;353793.41
4633;synthetic;train;3383;83;59539;402415.85
4634;synthetic;train;2698;82;38024;304742.17
4635;synthetic;train;452;75;63196;119681.09
4636;synthetic;train;1628;61;3265;114288.74
4637;synthetic;train;1813;23;28821;74522.03
4638;synthetic;train;3683;47;14043;204104.73
4639;synthetic;train;1386;21;90913;127690.91
4640;synthetic;train;1106;30;33415;71873.99
4641;synthetic;train;667;66;57639;121108.92
4642;synthetic;test;1660;34;66669;134511.87
4643;synthetic;train;364;79;56484;106413.08
4644;synthetic;train;865;46;85206;142369.05
4645;synthetic;train;658;45;59764;101413.73
4646;synthetic;test;3078;48;73641;246860.27
4647;synthetic;train;2939;75;36157;297195.04
4648;synthetic;train;2674;21;84430;148800.78
4649;synthetic;train;3614;25;56122;155362.39
4650;synthetic;train;3124;3;70502;80643.99
4651;synthetic;train;3118;74;19676;287230.25
4652;synthetic;train;2877;67;285;216653.84
4653;synthetic;train;2679;53;96882;271105.47
4654;synthetic;train;163;82;57142;90462.94
4655;synthetic;train;1042;33;76645;121947.1
4656;synthetic;train;3784;27;98372;214696.5
4657;synthetic;train;2390;17;59775;105124.94
4658;synthetic;train;3046;5;7891;23406.37
4659;synthetic;train;19;48;5776;7766.9
4660;synthetic;test;3542;11;7161;47177.96
4661;synthetic;train;979;65;90696;183757.39
4662;synthetic;train;953;44;77376;134809.62
4663;synthetic;train;3028;13;83832;127833.12
4664;synthetic;test;3295;62;52725;292076.83
4665;synthetic;train;1487;75;86386;237762.91
4666;synthetic;train;1969;63;39989;187554.75
4667;synthetic;train;2823;8;90158;115515.86
4668;synthetic;train;1959;51;18939;131511.21
4669;synthetic;train;2008;1;89017;91328.42
4670;synthetic;train;2845;39;83584;213841.41
4671;synthetic;test;3083;11;5384;40183.57
4672;synthetic;train;963;1;57313;58470.25
4673;synthetic;test;2007;46;7361;108507.76
4674;synthetic;train;3489;83;59054;411926.45
4675;synthetic;train;20;34;71815;81139.17
4676;synthetic;train;2845;21;82270;150210.11
4677;synthetic;train;3676;43;38154;214243.17
4678;synthetic;train;1999;3;52345;58907.27
4679;synthetic;train;102;3;55337;56200.26
4680;synthetic;test;1941;83;50768;252777.14
4681;synthetic;train;3723;68;33727;326861.36
4682;synthetic;train;3519;41;59495;223034.65
4683;synthetic;train;381;18;52218;62520.75
4684;synthetic;test;1030;51;7991;66815.3
4685;synthetic;train;954;56;61212;132575.24
4686;synthetic;train;3737;76;81063;428084.87
4687;synthetic;train;3;51;22893;27294.56
4688;synthetic;train;1014;18;45590;67245.36
4689;synthetic;train;470;45;16610;42146.93
4690;synthetic;train;1901;53;17967;131800.24
4691;synthetic;test;390;68;73853;122417.03
4692;synthetic;train;993;75;22116;113119.38
4693;synthetic;train;3521;10;66018;104113.92
4694;synthetic;train;72;17;40470;44086.88
4695;synthetic;train;324;39;23202;39932.49
4696;synthetic;train;376;81;98184;163573.78
4697;synthetic;train;3656;13;38192;88532.39
4698;synthetic;train;1244;28;41660;82295.56
4699;synthetic;train;1938;41;29169;118708.58
4700;synthetic;train;3723;83;33122;400151.52
4701;synthetic;train;840;45;36914;83722.21
4702;synthetic;train;3751;37;3978;152438.14
4703;synthetic;test;475;7;38282;42553.85
4704;synthetic;train;1202;72;89059;211125.93
4705;synthetic;test;533;80;58402;125152.45
4706;synthetic;train;1165;35;44138;92906.76
4707;synthetic;train;648;73;1233;55205.89
4708;synthetic;train;264;23;14358;21821.04
4709;synthetic;train;234;33;37677;50225.86
4710;synthetic;train;477;69;88258;148098.95
4711;synthetic;train;2734;44;94739;239442.74
4712;synthetic;train;1331;36;1506;52686.74
4713;synthetic;test;2689;8;66534;90166.29
4714;synthetic;train;2973;19;61202;123604.75
4715;synthetic;train;1153;34;52983;100904.95
4716;synthetic;test;948;67;39463;120592.02
4717;synthetic;train;1754;69;22774;164927.19
4718;synthetic;train;1718;84;39972;219641.23
4719;synthetic;train;439;24;95589;114522.98
4720;synthetic;test;2884;68;25357;252236.43
4721;synthetic;train;3187;34;79492;203931.63
4722;synthetic;train;3347;18;93850;161833.71
4723;synthetic;train;2403;62;75675;258760.92
4724;synthetic;train;640;63;21293;71192.31
4725;synthetic;test;1031;10;18112;29225.79
4726;synthetic;train;3719;28;38701;151799.81
4727;synthetic;train;1823;60;57378;191324.27
4728;synthetic;test;2037;71;49594;226225.2
4729;synthetic;train;2922;77;67615;344238.29
4730;synthetic;train;134;23;61775;69897.21
4731;synthetic;test;1819;24;33543;81854.22
4732;synthetic;train;297;20;78278;89817.51
4733;synthetic;train;38;71;33946;46041.71
4734;synthetic;train;3069;22;82878;159340.85
4735;synthetic;test;2173;72;6230;185001.68
4736;synthetic;train;3030;23;35884;111285.32
4737;synthetic;train;170;81;64142;99816.8
4738;synthetic;test;3727;48;15818;212856.59
4739;synthetic;train;1282;37;14733;67225.34
4740;synthetic;train;3539;81;56350;403343.2
4741;synthetic;train;2220;60;67912;230594.67
4742;synthetic;train;238;45;77712;101838.62
4743;synthetic;train;3064;51;89638;276809.36
4744;synthetic;test;2227;33;44266;127211.64
4745;synthetic;train;2622;75;22988;253242.8
4746;synthetic;test;1115;55;76357;159100.98
4747;synthetic;train;1516;55;678;92464.61
4748;synthetic;train;1108;81;57649;178663.74
4749;synthetic;test;3300;19;29083;95813.63
4750;synthetic;test;3704;84;87685;475536.62
4751;synthetic;train;1205;68;45884;149640.65
4752;synthetic;train;3206;72;43486;316527.0
4753;synthetic;train;1157;82;45054;168451.75
4754;synthetic;train;1640;56;93667;213977.67
4755;synthetic;train;495;83;42235;103069.08
4756;synthetic;train;97;26;46249;53067.5
4757;synthetic;test;2571;48;13597;149985.38
4758;synthetic;train;1855;20;26954;67235.33
4759;synthetic;test;2703;68;15622;226194.54
4760;synthetic;train;2289;36;33666;125639.66
4761;synthetic;train;2708;21;76547;141087.95
4762;synthetic;train;1522;8;79225;93722.56
4763;synthetic;test;3237;48;72397;253689.94
4764;synthetic;train;560;29;34990;55612.89
4765;synthetic;train;2902;30;72830;172182.71
4766;synthetic;train;1166;51;20980;89778.74
4767;synthetic;train;2122;7;73471;90255.95
4768;synthetic;train;110;84;83897;121633.36
4769;synthetic;train;2198;77;80872;297719.72
4770;synthetic;test;542;63;37730;84582.84
4771;synthetic;train;3252;73;95453;390862.88
4772;synthetic;train;1713;17;12507;43245.31
4773;synthetic;test;628;84;58635;138509.76
4774;synthetic;train;1336;38;17288;73826.19
4775;synthetic;train;2168;36;79805;173015.49
4776;synthetic;train;80;79;6066;15130.61
4777;synthetic;train;1586;29;71793;127433.69
4778;synthetic;train;2501;17;49073;95744.67
4779;synthetic;test;2031;39;2180;87201.7
4780;synthetic;train;676;43;26046;61355.5
4781;synthetic;train;2072;14;73545;106796.25
4782;synthetic;train;716;55;83662;143751.46
4783;synthetic;train;1361;12;573;17286.56
4784;synthetic;train;1370;10;88185;105122.69
4785;synthetic;train;3697;83;92234;475578.64
4786;synthetic;test;2229;28;44655;114536.94
4787;synthetic;train;983;71;43642;134132.29
4788;synthetic;train;1463;58;37379;139088.88
4789;synthetic;test;1355;20;6729;35260.92
4790;synthetic;train;144;34;99528;116643.21
4791;synthetic;train;990;54;32493;97551.54
4792;synthetic;train;1150;14;56343;75538.43
4793;synthetic;train;2503;30;52663;137289.57
4794;synthetic;train;1809;23;69172;117986.89
4795;synthetic;test;2104;6;49271;63036.76
4796;synthetic;train;1479;67;30662;149514.27
4797;synthetic;train;3632;52;13067;222068.67
4798;synthetic;train;1532;75;25458;163402.25
4799;synthetic;train;2678;66;69256;284256.34
4800;synthetic;test;343;32;34821;50334.71
4801;synthetic;test;1306;74;563;110486.23
4802;synthetic;train;2048;83;87551;311507.28
4803;synthetic;train;2304;84;40233;276873.33
4804;synthetic;train;2323;46;4732;121177.65
4805;synthetic;train;154;76;17365;35701.44
4806;synthetic;test;1348;53;57554;146917.0
4807;synthetic;train;1954;83;78708;290850.29
4808;synthetic;train;3578;56;97913;338591.07
4809;synthetic;train;2285;46;81527;208783.72
4810;synthetic;train;3301;6;91058;112932.76
4811;synthetic;train;2625;76;71559;319525.8
4812;synthetic;test;3522;24;18764;108465.78
4813;synthetic;train;743;22;21385;39996.81
4814;synthetic;train;1678;17;15816;46133.72
4815;synthetic;train;1990;67;13562;166560.94
4816;synthetic;train;1942;56;70559;204757.39
4817;synthetic;test;399;62;2688;30824.67
4818;synthetic;train;900;27;85301;118787.64
4819;synthetic;train;729;66;98867;177047.14
4820;synthetic;train;3647;26;9571;109645.9
4821;synthetic;train;843;65;19677;85703.18
4822;synthetic;train;2453;32;76686;168268.69
4823;synthetic;train;2302;50;78195;217789.02
4824;synthetic;train;3628;31;52885;177303.2
4825;synthetic;train;2378;70;48206;248608.5
4826;synthetic;train;1423;72;95320;237092.1
4827;synthetic;train;2162;9;28989;49655.56
4828;synthetic;train;1759;60;66975;198784.89
4829;synthetic;train;3116;3;46544;56421.45
4830;synthetic;train;2664;83;14235;273852.5
4831;synthetic;train;3340;1;19695;23111.78
4832;synthetic;test;3218;67;97276;363507.54
4833;synthetic;train;2283;52;53481;193407.02
4834;synthetic;test;1944;44;29252;126133.34
4835;synthetic;train;3242;30;61087;169951.22
4836;synthetic;test;2543;46;61143;197873.78
4837;synthetic;train;185;27;44830;54279.48
4838;synthetic;train;1498;77;89715;247607.73
4839;synthetic;train;2704;30;5095;91079.36
4840;synthetic;train;2869;75;48964;307659.54
4841;synthetic;train;3141;79;54668;355391.46
4842;synthetic;train;796;2;75695;77800.44
4843;synthetic;test;2137;13;5458;34137.26
4844;synthetic;train;3684;27;32709;140030.73
4845;synthetic;train;2389;31;91292;179356.44
4846;synthetic;train;2587;31;26663;114180.75
4847;synthetic;train;3268;50;91837;286538.98
4848;synthetic;train;1311;2;89912;93147.54
4849;synthetic;train;909;72;70986;164282.3
4850;synthetic;train;880;64;8157;72964.57
4851;synthetic;test;1491;30;65676;119688.43
4852;synthetic;train;2031;52;47621;172110.01
4853;synthetic;train;2811;14;71866;115645.57
4854;synthetic;train;190;8;72365;75860.38
4855;synthetic;train;601;65;13272;60161.44
4856;synthetic;train;557;79;17731;73475.45
4857;synthetic;train;3471;30;79742;197801.43
4858;synthetic;train;3569;10;33047;70516.13
4859;synthetic;train;2182;73;18723;204471.79
4860;synthetic;train;709;31;20457;45871.31
4861;synthetic;train;1014;11;82893;97363.16
4862;synthetic;test;3027;13;53675;96329.55
4863;synthetic;test;2455;53;98390;259899.39
4864;synthetic;train;2436;58;3286;160089.46
4865;synthetic;train;301;52;90785;125052.37
4866;synthetic;train;1516;55;21007;116876.66
4867;synthetic;train;1733;64;65969;205441.13
4868;synthetic;test;433;74;92714;154994.9
4869;synthetic;train;1813;29;53132;113804.64
4870;synthetic;test;3045;39;3013;130447.37
4871;synthetic;train;275;69;78707;120388.53
4872;synthetic;train;2933;11;17067;50618.82
4873;synthetic;train;1499;20;38682;72395.91
4874;synthetic;train;2122;24;12348;66479.88
4875;synthetic;train;1529;61;61801;179292.52
4876;synthetic;train;1221;27;58369;98407.14
4877;synthetic;train;655;71;86937;162653.23
4878;synthetic;train;96;82;2342;12142.69
4879;synthetic;train;1742;57;32702;149050.37
4880;synthetic;train;773;4;72740;76832.58
4881;synthetic;train;140;41;39288;51191.56
4882;synthetic;train;3677;79;81752;439131.58
4883;synthetic;train;2776;46;34927;178922.38
4884;synthetic;train;633;82;38489;110342.62
4885;synthetic;train;1629;12;27679;48783.44
4886;synthetic;train;2411;36;58587;158406.1
4887;synthetic;train;803;7;88564;96347.72
4888;synthetic;train;1641;31;28609;85394.71
4889;synthetic;train;2500;48;38905;175975.31
4890;synthetic;train;3537;76;19852;331935.37
4891;synthetic;train;2441;82;48825;294661.8
4892;synthetic;train;114;12;66768;70886.23
4893;synthetic;train;3427;11;54682;95180.14
4894;synthetic;train;1888;24;63168;115669.12
4895;synthetic;train;3336;21;5444;78520.79
4896;synthetic;train;1364;27;72719;118152.7
4897;synthetic;test;2039;2;33981;38306.33
4898;synthetic;train;2793;41;56286;187411.26
4899;synthetic;train;1004;27;13008;42641.28
4900;synthetic;train;310;4;62439;64526.05
4901;synthetic;train;599;49;95295;144105.29
4902;synthetic;train;2649;49;11686;154973.62
4903;synthetic;train;1858;75;38432;207872.21
4904;synthetic;train;3139;60;26677;241378.73
4905;synthetic;train;536;2;27613;28874.76
4906;synthetic;train;1265;56;57258;146987.63
4907;synthetic;train;1820;61;77010;217638.33
4908;synthetic;train;2711;76;35974;281149.69
4909;synthetic;train;3128;36;18420;140594.36
4910;synthetic;train;554;8;95559;102636.17
4911;synthetic;test;643;71;78353;150818.68
4912;synthetic;test;1669;77;90830;264081.26
4913;synthetic;test;3516;42;29821;193048.09
4914;synthetic;test;166;71;87297;123880.33
4915;synthetic;train;2037;6;82280;96304.76
4916;synthetic;train;1133;47;65945;134846.77
4917;synthetic;train;554;6;7922;11444.76
4918;synthetic;train;3644;81;42683;395225.78
4919;synthetic;test;1618;35;35052;99541.62
4920;synthetic;train;2066;30;61616;133372.85
4921;synthetic;train;1439;53;94500;196272.49
4922;synthetic;train;782;6;52663;58472.12
4923;synthetic;train;452;20;78965;93762.6
4924;synthetic;train;1587;47;77616;171629.33
4925;synthetic;test;488;41;3446;25422.61
4926;synthetic;train;1896;19;91125;134321.83
4927;synthetic;train;991;17;1421;18865.22
4928;synthetic;test;506;19;22804;34233.39
4929;synthetic;train;2805;75;85544;349148.54
4930;synthetic;train;3634;76;45550;373430.55
4931;synthetic;train;1481;55;31941;127890.76
4932;synthetic;train;2294;84;19811;248894.21
4933;synthetic;train;2923;79;53735;334447.24
4934;synthetic;train;1352;22;16799;48986.27
4935;synthetic;test;1220;63;51536;149209.71
4936;synthetic;train;841;46;80907;136163.97
4937;synthetic;train;51;2;95940;96683.18
4938;synthetic;train;2843;49;90601;258207.34
4939;synthetic;train;2238;44;21147;130704.57
4940;synthetic;train;3080;65;29560;260571.97
4941;synthetic;train;2801;62;9515;204892.07
4942;synthetic;test;609;50;62359;106833.02
4943;synthetic;test;2501;32;83557;177535.21
4944;synthetic;test;1693;18;11511;43679.05
4945;synthetic;test;3335;60;46148;278190.65
4946;synthetic;train;795;9;15278;23017.82
4947;synthetic;train;401;45;19780;42473.91
4948;synthetic;train;485;24;69941;87893.72
4949;synthetic;test;1886;13;74875;103283.07
4950;synthetic;train;1860;16;69122;103519.55
4951;synthetic;train;3772;46;16152;206632.83
4952;synthetic;train;1176;51;99940;183900.78
4953;synthetic;train;3529;79;83251;427686.12
4954;synthetic;train;2184;55;73394;220169.76
4955;synthetic;test;2718;54;13420;177115.74
4956;synthetic;train;3343;1;42596;46092.13
4957;synthetic;train;1649;84;8951;171917.23
4958;synthetic;train;1808;31;9770;69971.02
4959;synthetic;train;850;36;91635;135860.03
4960;synthetic;train;1475;74;73377;217835.98
4961;synthetic;train;3111;72;71395;344250.29
4962;synthetic;test;2787;13;71705;111962.88
4963;synthetic;train;183;62;65389;92995.19
4964;synthetic;train;2876;54;36869;214543.16
4965;synthetic;test;1403;51;47269;134125.65
4966;synthetic;train;1294;42;53659;120134.62
4967;synthetic;train;911;54;31416;91581.46
4968;synthetic;train;1017;36;10328;50602.55
4969;synthetic;test;2292;62;95582;275573.51
4970;synthetic;train;1077;46;50355;112308.71
4971;synthetic;train;2778;53;80700;257549.98
4972;synthetic;test;3232;10;35505;69624.92
4973;synthetic;train;2481;46;48211;179715.63
4974;synthetic;train;658;49;74058;122252.27
4975;synthetic;train;145;50;90622;114928.73
4976;synthetic;test;2180;81;35257;249171.27
4977;synthetic;train;13;58;21279;26642.3
4978;synthetic;test;36;16;93403;99103.57
4979;synthetic;train;2968;24;59808;139057.85
4980;synthetic;train;1289;15;98839;123756.66
4981;synthetic;test;3093;31;35347;140359.6
4982;synthetic;test;3099;39;37695;172188.2
4983;synthetic;train;1471;38;52138;118851.51
4984;synthetic;train;152;41;43997;57116.99
4985;synthetic;test;1043;30;42456;79873.35
4986;synthetic;train;1391;77;52852;190572.06
4987;synthetic;test;1910;23;91639;144659.29
4988;synthetic;train;88;47;16880;24222.26
4989;synthetic;train;2921;32;29359;131452.51
4990;synthetic;train;220;67;39648;66090.93
4991;synthetic;train;1004;71;1955;83019.49
4992;synthetic;train;1781;14;12697;38868.98
4993;synthetic;train;82;16;94707;101236.1
4994;synthetic;train;1692;84;26730;199604.54
4995;synthetic;train;2896;8;10812;34621.94
4996;synthetic;train;62;76;67162;91859.58
4997;synthetic;test;2826;78;33224;295170.16
4998;synthetic;train;2745;43;54266;189723.28
4999;synthetic;train;2514;40;2405;110486.46
